USE inventario;

/*M!999999\- enable the sandbox mode */

/*!40101 SET @OLD_CHARACTER_SET_CLIENT=@@CHARACTER_SET_CLIENT */;
/*!40101 SET @OLD_CHARACTER_SET_RESULTS=@@CHARACTER_SET_RESULTS */;
/*!40101 SET @OLD_COLLATION_CONNECTION=@@COLLATION_CONNECTION */;
/*!40101 SET NAMES utf8mb4 */;
/*!40103 SET @OLD_TIME_ZONE=@@TIME_ZONE */;
/*!40103 SET TIME_ZONE='+00:00' */;
/*!40014 SET @OLD_FOREIGN_KEY_CHECKS=@@FOREIGN_KEY_CHECKS, FOREIGN_KEY_CHECKS=0 */;
/*!40101 SET @OLD_SQL_MODE=@@SQL_MODE, SQL_MODE='NO_AUTO_VALUE_ON_ZERO' */;
/*!40111 SET @OLD_SQL_NOTES=@@SQL_NOTES, SQL_NOTES=0 */;

LOCK TABLES `permissions` WRITE;
/*!40000 ALTER TABLE `permissions` DISABLE KEYS */;
INSERT IGNORE INTO `permissions` (`id`, `permission_code`, `permission_name`, `permission_group`, `permission_description`, `is_active`, `created_at`, `updated_at`, `deleted_at`) VALUES
(1,'PRODUCTS_VIEW','Ver productos','PRODUCTS','Permiso de prueba para testing de la nomenclatura actual.',0,'2026-06-08 13:24:32','2026-06-08 13:24:43',NULL),
(2,'PRODUCTS_CREATE','Crear productos','PRODUCTS','Permiso de prueba para testing de la nomenclatura actual.',0,'2026-06-08 13:24:32','2026-06-08 13:24:43',NULL),
(3,'PRODUCTS_EDIT','Editar productos','PRODUCTS','Permiso de prueba para testing de la nomenclatura actual.',0,'2026-06-08 13:24:32','2026-06-08 13:24:43',NULL),
(4,'PRODUCTS_DELETE','Eliminar productos','PRODUCTS','Permiso de prueba para testing de la nomenclatura actual.',0,'2026-06-08 13:24:32','2026-06-08 13:24:43',NULL),
(5,'CATEGORIES_MANAGE','Gestionar categorías','PRODUCTS','Permiso de prueba para testing de la nomenclatura actual.',0,'2026-06-08 13:24:32','2026-06-08 13:24:43',NULL),
(6,'ATTRIBUTES_MANAGE','Gestionar atributos','PRODUCTS','Permiso de prueba para testing de la nomenclatura actual.',0,'2026-06-08 13:24:32','2026-06-08 13:24:43',NULL),
(7,'STOCK_VIEW','Ver stock','INVENTORY','Permiso de prueba para testing de la nomenclatura actual.',0,'2026-06-08 13:24:32','2026-06-08 13:24:43',NULL),
(8,'STOCK_ADJUST','Ajustar stock','INVENTORY','Permiso de prueba para testing de la nomenclatura actual.',0,'2026-06-08 13:24:32','2026-06-08 13:24:43',NULL),
(9,'STOCK_TRANSFER','Transferir stock','INVENTORY','Permiso de prueba para testing de la nomenclatura actual.',0,'2026-06-08 13:24:32','2026-06-08 13:24:43',NULL),
(10,'MOVEMENTS_VIEW','Ver movimientos','INVENTORY','Permiso de prueba para testing de la nomenclatura actual.',0,'2026-06-08 13:24:32','2026-06-08 13:24:43',NULL),
(11,'PRICES_VIEW','Ver precios','PRICING','Permiso de prueba para testing de la nomenclatura actual.',0,'2026-06-08 13:24:32','2026-06-08 13:24:43',NULL),
(12,'PRICES_MANAGE','Gestionar precios','PRICING','Permiso de prueba para testing de la nomenclatura actual.',0,'2026-06-08 13:24:32','2026-06-08 13:24:43',NULL),
(13,'PROMOTIONS_MANAGE','Gestionar promociones','PRICING',NULL,1,'2026-06-08 13:24:32','2026-06-08 13:24:32',NULL),
(14,'DOCUMENTS_VIEW','Ver documentos','DOCUMENTS','Permiso de prueba para testing de la nomenclatura actual.',0,'2026-06-08 13:24:32','2026-06-08 13:24:43',NULL),
(15,'DOCUMENTS_CREATE','Crear documentos','DOCUMENTS','Permiso de prueba para testing de la nomenclatura actual.',0,'2026-06-08 13:24:32','2026-06-08 13:24:43',NULL),
(16,'DOCUMENTS_APPROVE','Aprobar documentos','DOCUMENTS',NULL,1,'2026-06-08 13:24:32','2026-06-08 13:24:32',NULL),
(17,'DOCUMENTS_CANCEL','Cancelar documentos','DOCUMENTS','Permiso de prueba para testing de la nomenclatura actual.',0,'2026-06-08 13:24:32','2026-06-08 13:24:43',NULL),
(18,'REPORTS_VIEW','Ver reportes','REPORTS','Permiso de prueba para testing de la nomenclatura actual.',0,'2026-06-08 13:24:32','2026-06-08 13:24:43',NULL),
(19,'REPORTS_EXPORT','Exportar reportes','REPORTS',NULL,1,'2026-06-08 13:24:32','2026-06-08 13:24:32',NULL),
(20,'USERS_MANAGE','Gestionar usuarios','ADMIN','Permiso de prueba para testing de la nomenclatura actual.',0,'2026-06-08 13:24:32','2026-06-08 13:24:43',NULL),
(21,'ROLES_MANAGE','Gestionar roles','ADMIN','Permiso de prueba para testing de la nomenclatura actual.',0,'2026-06-08 13:24:32','2026-06-08 13:24:43',NULL),
(22,'PERMISSIONS_MANAGE','Gestionar permisos','ADMIN','Permiso de prueba para testing de la nomenclatura actual.',0,'2026-06-08 13:24:32','2026-06-08 13:24:43',NULL),
(23,'SYSTEM_CONFIG','Configurar sistema','ADMIN','Permiso de prueba para testing de la nomenclatura actual.',0,'2026-06-08 13:24:32','2026-06-08 13:24:43',NULL),
(24,'AUDIT_VIEW','Ver auditoría','ADMIN','Permiso de prueba para testing de la nomenclatura actual.',0,'2026-06-08 13:24:32','2026-06-08 13:24:43',NULL),
(25,'CASH_REGISTER_OPEN','Abrir Caja Registradora','CASH_CONTROL','Permiso de prueba para testing de la nomenclatura actual.',0,'2026-06-08 13:24:33','2026-06-08 13:24:43',NULL),
(26,'CASH_REGISTER_CLOSE','Cerrar Caja Registradora','CASH_CONTROL','Permiso de prueba para testing de la nomenclatura actual.',0,'2026-06-08 13:24:33','2026-06-08 13:24:43',NULL),
(27,'CASH_REGISTER_SUPERVISE','Supervisar Cierre de Caja','CASH_CONTROL','Permiso de prueba para testing de la nomenclatura actual.',0,'2026-06-08 13:24:33','2026-06-08 13:24:43',NULL),
(28,'CASH_MOVEMENTS_VIEW','Ver Movimientos de Caja','CASH_CONTROL','Permiso de prueba para testing de la nomenclatura actual.',0,'2026-06-08 13:24:33','2026-06-08 13:24:43',NULL),
(29,'PETTY_CASH_SPEND','Realizar Gastos Caja Chica','CASH_CONTROL','Permiso de prueba para testing de la nomenclatura actual.',0,'2026-06-08 13:24:33','2026-06-08 13:24:43',NULL),
(30,'PETTY_CASH_REPLENISH','Reponer Caja Chica','CASH_CONTROL',NULL,1,'2026-06-08 13:24:33','2026-06-08 13:24:33',NULL),
(31,'PETTY_CASH_APPROVE','Aprobar Gastos Caja Chica','CASH_CONTROL',NULL,1,'2026-06-08 13:24:33','2026-06-08 13:24:33',NULL),
(32,'CASH_REPORTS_VIEW','Ver Reportes de Caja','CASH_CONTROL','Permiso de prueba para testing de la nomenclatura actual.',0,'2026-06-08 13:24:33','2026-06-08 13:24:43',NULL),
(33,'CASH_SETTINGS_MANAGE','Gestionar Configuración de Cajas','CASH_CONTROL',NULL,1,'2026-06-08 13:24:33','2026-06-08 13:24:33',NULL),
(34,'CUSTOMERS_VIEW','Ver Clientes','ACCOUNTS_RECEIVABLE','Permiso de prueba para testing de la nomenclatura actual.',0,'2026-06-08 13:24:34','2026-06-08 13:24:43',NULL),
(35,'CUSTOMERS_CREATE','Crear Clientes','ACCOUNTS_RECEIVABLE','Permiso de prueba para testing de la nomenclatura actual.',0,'2026-06-08 13:24:34','2026-06-08 13:24:43',NULL),
(36,'CUSTOMERS_EDIT','Editar Clientes','ACCOUNTS_RECEIVABLE','Permiso de prueba para testing de la nomenclatura actual.',0,'2026-06-08 13:24:34','2026-06-08 13:24:43',NULL),
(37,'CUSTOMERS_DELETE','Eliminar Clientes','ACCOUNTS_RECEIVABLE','Permiso de prueba para testing de la nomenclatura actual.',0,'2026-06-08 13:24:34','2026-06-08 13:24:43',NULL),
(38,'CREDIT_LIMITS_VIEW','Ver Límites de Crédito','ACCOUNTS_RECEIVABLE','Permiso de prueba para testing de la nomenclatura actual.',0,'2026-06-08 13:24:34','2026-06-08 13:24:43',NULL),
(39,'CREDIT_LIMITS_EDIT','Modificar Límites de Crédito','ACCOUNTS_RECEIVABLE','Permiso de prueba para testing de la nomenclatura actual.',0,'2026-06-08 13:24:34','2026-06-08 13:24:43',NULL),
(40,'CREDIT_EXCEPTIONS_AUTHORIZE','Autorizar Excepciones de Crédito','ACCOUNTS_RECEIVABLE',NULL,1,'2026-06-08 13:24:34','2026-06-08 13:24:34',NULL),
(41,'PAYMENTS_RECEIVE','Recibir Pagos','ACCOUNTS_RECEIVABLE','Permiso de prueba para testing de la nomenclatura actual.',0,'2026-06-08 13:24:34','2026-06-08 13:24:43',NULL),
(42,'PAYMENTS_ALLOCATE','Aplicar Pagos a Facturas','ACCOUNTS_RECEIVABLE',NULL,1,'2026-06-08 13:24:34','2026-06-08 13:24:34',NULL),
(43,'PENALTIES_APPLY','Aplicar Multas por Mora','ACCOUNTS_RECEIVABLE',NULL,1,'2026-06-08 13:24:34','2026-06-08 13:24:34',NULL),
(44,'PENALTIES_WAIVE','Condonar Multas','ACCOUNTS_RECEIVABLE',NULL,1,'2026-06-08 13:24:34','2026-06-08 13:24:34',NULL),
(45,'AR_REPORTS_VIEW','Ver Reportes Cuentas por Cobrar','ACCOUNTS_RECEIVABLE','Permiso de prueba para testing de la nomenclatura actual.',0,'2026-06-08 13:24:34','2026-06-08 13:24:43',NULL),
(46,'AGING_REPORTS_VIEW','Ver Reportes de Antigüedad','ACCOUNTS_RECEIVABLE','Permiso de prueba para testing de la nomenclatura actual.',0,'2026-06-08 13:24:34','2026-06-08 13:24:43',NULL),
(47,'CUSTOMER_STATEMENTS_GENERATE','Generar Estados de Cuenta','ACCOUNTS_RECEIVABLE','Permiso de prueba para testing de la nomenclatura actual.',0,'2026-06-08 13:24:34','2026-06-08 13:24:43',NULL),
(54,'RETURNS_VIEW','Ver Devoluciones','RETURNS',NULL,1,'2026-06-08 13:24:35','2026-06-08 13:24:35',NULL),
(55,'RETURNS_CREATE','Crear Devoluciones','RETURNS',NULL,1,'2026-06-08 13:24:35','2026-06-08 13:24:35',NULL),
(56,'RETURNS_APPROVE','Aprobar Devoluciones','RETURNS',NULL,1,'2026-06-08 13:24:35','2026-06-08 13:24:35',NULL),
(57,'RETURNS_PROCESS','Procesar Devoluciones','RETURNS',NULL,1,'2026-06-08 13:24:35','2026-06-08 13:24:35',NULL),
(58,'STOCK_ALERTS_VIEW','Ver Alertas de Stock','INVENTORY',NULL,1,'2026-06-08 13:24:35','2026-06-08 13:24:35',NULL),
(59,'STOCK_ALERTS_MANAGE','Gestionar Alertas de Stock','INVENTORY',NULL,1,'2026-06-08 13:24:35','2026-06-08 13:24:35',NULL),
(60,'REORDER_SUGGESTIONS_VIEW','Ver Sugerencias de Reorden','INVENTORY',NULL,1,'2026-06-08 13:24:35','2026-06-08 13:24:35',NULL),
(61,'REORDER_SUGGESTIONS_APPROVE','Aprobar Sugerencias de Reorden','INVENTORY',NULL,1,'2026-06-08 13:24:35','2026-06-08 13:24:35',NULL),
(62,'PAYMENT_METHODS_FRACTIONAL','Usar Pagos Fraccionados','PAYMENTS',NULL,1,'2026-06-08 13:24:35','2026-06-08 13:24:35',NULL),
(63,'CRITICAL_STOCK_CONFIG','Configurar Stock Crítico','INVENTORY',NULL,1,'2026-06-08 13:24:35','2026-06-08 13:24:35',NULL),
(64,'WAREHOUSE_READ','Ver bodegas','WAREHOUSE',NULL,1,'2026-06-08 13:24:38','2026-06-08 13:24:38',NULL),
(65,'WAREHOUSE_WRITE','Crear/Editar bodegas','WAREHOUSE',NULL,1,'2026-06-08 13:24:38','2026-06-08 13:24:38',NULL),
(66,'WAREHOUSE_DELETE','Eliminar bodegas','WAREHOUSE',NULL,1,'2026-06-08 13:24:38','2026-06-08 13:24:38',NULL),
(67,'WAREHOUSE_ADMIN','Administrador completo de bodegas','WAREHOUSE',NULL,1,'2026-06-08 13:24:38','2026-06-08 13:24:38',NULL),
(68,'WAREHOUSE_MANAGER','Gestionar bodegas asignadas','WAREHOUSE',NULL,1,'2026-06-08 13:24:38','2026-06-08 13:24:38',NULL),
(69,'WAREHOUSE_SUPERVISOR','Supervisar operaciones de bodega','WAREHOUSE',NULL,1,'2026-06-08 13:24:38','2026-06-08 13:24:38',NULL),
(70,'WAREHOUSE_ASSIGN_USERS','Asignar usuarios a bodegas','WAREHOUSE',NULL,1,'2026-06-08 13:24:38','2026-06-08 13:24:38',NULL),
(71,'WAREHOUSE_MANAGE_ZONES','Gestionar zonas de bodega','WAREHOUSE',NULL,1,'2026-06-08 13:24:38','2026-06-08 13:24:38',NULL),
(72,'WAREHOUSE_VIEW_REPORTS','Ver reportes de bodega','WAREHOUSE',NULL,1,'2026-06-08 13:24:38','2026-06-08 13:24:38',NULL),
(73,'WAREHOUSE_CONFIGURE','Configurar parámetros de bodega','WAREHOUSE',NULL,1,'2026-06-08 13:24:38','2026-06-08 13:24:38',NULL),
(74,'WAREHOUSE_ACCESS_ALL','Acceso a todas las bodegas','WAREHOUSE',NULL,1,'2026-06-08 13:24:38','2026-06-08 13:24:38',NULL),
(75,'WAREHOUSE_ACCESS_ASSIGNED','Acceso solo a bodegas asignadas','WAREHOUSE',NULL,1,'2026-06-08 13:24:38','2026-06-08 13:24:38',NULL),
(76,'WAREHOUSE_INVENTORY_VIEW','Ver inventario de bodega','WAREHOUSE',NULL,1,'2026-06-08 13:24:38','2026-06-08 13:24:38',NULL),
(77,'WAREHOUSE_INVENTORY_MANAGE','Gestionar inventario de bodega','WAREHOUSE',NULL,1,'2026-06-08 13:24:38','2026-06-08 13:24:38',NULL),
(78,'WAREHOUSE_MOVEMENTS_VIEW','Ver movimientos de bodega','WAREHOUSE',NULL,1,'2026-06-08 13:24:38','2026-06-08 13:24:38',NULL),
(79,'WAREHOUSE_MOVEMENTS_CREATE','Crear movimientos de bodega','WAREHOUSE',NULL,1,'2026-06-08 13:24:38','2026-06-08 13:24:38',NULL),
(80,'WAREHOUSE_ACTIVATE_DEACTIVATE','Activar/Desactivar bodegas','WAREHOUSE',NULL,1,'2026-06-08 13:24:38','2026-06-08 13:24:38',NULL),
(81,'WAREHOUSE_TRANSFER','Transferir entre bodegas','WAREHOUSE',NULL,1,'2026-06-08 13:24:38','2026-06-08 13:24:38',NULL),
(82,'WAREHOUSE_AUDIT','Auditar operaciones de bodega','WAREHOUSE',NULL,1,'2026-06-08 13:24:38','2026-06-08 13:24:38',NULL),
(83,'WAREHOUSE_ZONE_READ','Ver zonas de bodega','WAREHOUSE_ZONE',NULL,1,'2026-06-08 13:24:38','2026-06-08 13:24:38',NULL),
(84,'WAREHOUSE_ZONE_WRITE','Crear/Editar zonas de bodega','WAREHOUSE_ZONE',NULL,1,'2026-06-08 13:24:38','2026-06-08 13:24:38',NULL),
(85,'WAREHOUSE_ZONE_DELETE','Eliminar zonas de bodega','WAREHOUSE_ZONE',NULL,1,'2026-06-08 13:24:38','2026-06-08 13:24:38',NULL),
(86,'WAREHOUSE_ZONE_ADMIN','Administrador completo de zonas','WAREHOUSE_ZONE',NULL,1,'2026-06-08 13:24:38','2026-06-08 13:24:38',NULL),
(87,'WAREHOUSE_ZONE_MANAGER','Gestionar zonas asignadas','WAREHOUSE_ZONE',NULL,1,'2026-06-08 13:24:38','2026-06-08 13:24:38',NULL),
(88,'WAREHOUSE_ZONE_CONFIGURE','Configurar parámetros de zona','WAREHOUSE_ZONE',NULL,1,'2026-06-08 13:24:38','2026-06-08 13:24:38',NULL),
(89,'WAREHOUSE_ZONE_LOCATION_TRACKING','Habilitar/deshabilitar seguimiento','WAREHOUSE_ZONE',NULL,1,'2026-06-08 13:24:38','2026-06-08 13:24:38',NULL),
(90,'WAREHOUSE_ACCESS_READ','Ver accesos de bodega','WAREHOUSE_ACCESS',NULL,1,'2026-06-08 13:24:38','2026-06-08 13:24:38',NULL),
(91,'WAREHOUSE_ACCESS_WRITE','Crear/Editar accesos de bodega','WAREHOUSE_ACCESS',NULL,1,'2026-06-08 13:24:38','2026-06-08 13:24:38',NULL),
(92,'WAREHOUSE_ACCESS_DELETE','Eliminar accesos de bodega','WAREHOUSE_ACCESS',NULL,1,'2026-06-08 13:24:38','2026-06-08 13:24:38',NULL),
(93,'WAREHOUSE_ACCESS_ADMIN','Administrador completo de accesos','WAREHOUSE_ACCESS',NULL,1,'2026-06-08 13:24:38','2026-06-08 13:24:38',NULL),
(94,'WAREHOUSE_ACCESS_MANAGER','Gestionar accesos asignados','WAREHOUSE_ACCESS',NULL,1,'2026-06-08 13:24:38','2026-06-08 13:24:38',NULL),
(95,'WAREHOUSE_ACCESS_GRANT','Otorgar accesos a usuarios','WAREHOUSE_ACCESS',NULL,1,'2026-06-08 13:24:38','2026-06-08 13:24:38',NULL),
(96,'WAREHOUSE_ACCESS_REVOKE','Revocar accesos de usuarios','WAREHOUSE_ACCESS',NULL,1,'2026-06-08 13:24:38','2026-06-08 13:24:38',NULL),
(97,'WAREHOUSE_ACCESS_VIEW_ALL','Ver todos los accesos del sistema','WAREHOUSE_ACCESS',NULL,1,'2026-06-08 13:24:38','2026-06-08 13:24:38',NULL),
(98,'WAREHOUSE_ACCESS_BULK_MANAGE','Gestión masiva de accesos','WAREHOUSE_ACCESS',NULL,1,'2026-06-08 13:24:38','2026-06-08 13:24:38',NULL),
(99,'SUPPLIERS_VIEW','Ver proveedores','SUPPLIERS',NULL,1,'2026-06-08 13:24:38','2026-06-08 13:24:38',NULL),
(100,'SUPPLIERS_MANAGE','Gestionar proveedores','SUPPLIERS',NULL,1,'2026-06-08 13:24:38','2026-06-08 13:24:38',NULL),
(101,'PURCHASES_VIEW','Ver compras','PURCHASES',NULL,1,'2026-06-08 13:24:38','2026-06-08 13:24:38',NULL),
(102,'PURCHASES_CREATE','Crear compras','PURCHASES',NULL,1,'2026-06-08 13:24:38','2026-06-08 13:24:38',NULL),
(103,'PURCHASES_APPROVE','Aprobar compras','PURCHASES',NULL,1,'2026-06-08 13:24:38','2026-06-08 13:24:38',NULL),
(104,'PURCHASES_RECEIVE','Recepcionar compras','PURCHASES',NULL,1,'2026-06-08 13:24:38','2026-06-08 13:24:38',NULL),
(105,'PAYABLES_VIEW','Ver cuentas por pagar','FINANCE',NULL,1,'2026-06-08 13:24:38','2026-06-08 13:24:38',NULL),
(106,'PAYABLES_PAY','Registrar pagos a proveedores','FINANCE',NULL,1,'2026-06-08 13:24:38','2026-06-08 13:24:38',NULL),
(107,'BANKS_MANAGE','Gestionar bancos y cuentas','FINANCE',NULL,1,'2026-06-08 13:24:38','2026-06-08 13:24:38',NULL),
(108,'CHECKS_MANAGE','Gestionar cartera de cheques','FINANCE',NULL,1,'2026-06-08 13:24:38','2026-06-08 13:24:38',NULL),
(109,'PHYSICAL_COUNTS_VIEW','Ver inventarios fisicos','INVENTORY',NULL,1,'2026-06-08 13:24:38','2026-06-08 13:24:38',NULL),
(110,'PHYSICAL_COUNTS_MANAGE','Gestionar inventarios fisicos','INVENTORY',NULL,1,'2026-06-08 13:24:38','2026-06-08 13:24:38',NULL),
(111,'TRANSFER_RECEPTIONS_MANAGE','Gestionar recepcion de transferencias','INVENTORY',NULL,1,'2026-06-08 13:24:38','2026-06-08 13:24:38',NULL),
(112,'TAX_BOOKS_VIEW','Ver libros tributarios','REPORTS',NULL,1,'2026-06-08 13:24:38','2026-06-08 13:24:38',NULL),
(113,'TAX_BOOKS_MANAGE','Gestionar libros tributarios','REPORTS',NULL,1,'2026-06-08 13:24:38','2026-06-08 13:24:38',NULL),
(114,'BULK_IMPORT_MANAGE','Gestionar cargas masivas','ADMIN',NULL,1,'2026-06-08 13:24:38','2026-06-08 13:24:38',NULL),
(115,'TEST_DATA_TRACE_VIEW','Ver trazabilidad de datos de prueba','ADMIN',NULL,1,'2026-06-08 13:24:38','2026-06-08 13:24:38',NULL),
(116,'USER_READ','Ver usuarios','USER',NULL,1,'2026-06-08 13:24:40','2026-06-08 13:24:40',NULL),
(117,'USER_WRITE','Crear y editar usuarios','USER',NULL,1,'2026-06-08 13:24:40','2026-06-08 13:24:40',NULL),
(118,'USER_MANAGER','Gestionar usuarios','USER',NULL,1,'2026-06-08 13:24:40','2026-06-08 13:24:40',NULL),
(119,'USER_ADMIN','Administrar usuarios','USER',NULL,1,'2026-06-08 13:24:40','2026-06-08 13:24:40',NULL),
(121,'HOME_VISIBLE','Visible en menu','HOME','Permite ver la seccion Inicio en el menu.',1,'2026-06-08 13:24:40','2026-06-08 13:24:40',NULL),
(122,'SALES_VISIBLE','Visible en menu','SALES','Permite ver la seccion Ventas en el menu.',1,'2026-06-08 13:24:40','2026-06-08 13:24:40',NULL),
(123,'CUSTOMERS_VISIBLE','Visible en menu','CUSTOMERS','Permite ver la seccion Clientes en el menu.',1,'2026-06-08 13:24:40','2026-06-08 13:24:40',NULL),
(124,'CASH_VISIBLE','Visible en menu','CASH_CONTROL','Permite ver la seccion Caja en el menu.',1,'2026-06-08 13:24:40','2026-06-08 13:24:40',NULL),
(125,'INVENTORY_VISIBLE','Visible en menu','INVENTORY','Permite ver la seccion Inventario en el menu.',1,'2026-06-08 13:24:40','2026-06-08 13:24:40',NULL),
(126,'SUPPLIERS_VISIBLE','Visible en menu','SUPPLIERS','Permite ver la seccion Proveedores en el menu.',1,'2026-06-08 13:24:40','2026-06-08 13:24:40',NULL),
(127,'FINANCE_VISIBLE','Visible en menu','FINANCE','Permite ver la seccion Finanzas en el menu.',1,'2026-06-08 13:24:40','2026-06-08 13:24:40',NULL),
(128,'DOCUMENTS_VISIBLE','Visible en menu','DOCUMENTS','Permite ver la seccion Documentos en el menu.',1,'2026-06-08 13:24:40','2026-06-08 13:24:40',NULL),
(129,'METRICS_VISIBLE','Visible en menu','METRICS','Permite ver la seccion Metricas en el menu.',1,'2026-06-08 13:24:40','2026-06-08 13:24:40',NULL),
(130,'REPORTS_VISIBLE','Visible en menu','REPORTS','Permite ver la seccion Reportes Gestion en el menu.',1,'2026-06-08 13:24:40','2026-06-08 13:24:40',NULL),
(131,'AUDIT_VISIBLE','Visible en menu','AUDIT','Permite ver la seccion Reportes Auditoria en el menu.',1,'2026-06-08 13:24:40','2026-06-08 13:24:40',NULL),
(132,'SETTINGS_VISIBLE','Visible en menu','SETTINGS','Permite ver la seccion Configuracion en el menu.',1,'2026-06-08 13:24:40','2026-06-08 13:24:40',NULL),
(133,'ADMIN_VISIBLE','Visible en menu','ADMIN','Permite ver la seccion Administracion en el menu.',1,'2026-06-08 13:24:40','2026-06-08 13:24:40',NULL),
(134,'DASHBOARD_ACCESS','Acceder a Dashboard principal','HOME','Permite acceder a la opcion Dashboard principal.',1,'2026-06-08 13:24:40','2026-06-08 13:24:40',NULL),
(135,'NOTIFICATIONS_ACCESS','Acceder a Centro de notificaciones','HOME','Permite acceder a la opcion Centro de notificaciones.',1,'2026-06-08 13:24:40','2026-06-08 13:24:40',NULL),
(136,'NEW_SALE_ACCESS','Acceder a Nueva venta','SALES','Permite acceder a la opcion Nueva venta.',1,'2026-06-08 13:24:40','2026-06-08 13:24:40',NULL),
(137,'CASH_POS_ACCESS','Acceder a Cobro en caja POS','SALES','Permite acceder a la opcion Cobro en caja POS.',1,'2026-06-08 13:24:40','2026-06-08 13:24:40',NULL),
(138,'SALES_HISTORY_ACCESS','Acceder a Historial de ventas','SALES','Permite acceder a la opcion Historial de ventas.',1,'2026-06-08 13:24:40','2026-06-08 13:24:40',NULL),
(139,'PROMOTIONS_ACCESS','Acceder a Promociones','PRICING','Permite acceder a la opcion Promociones.',1,'2026-06-08 13:24:40','2026-06-08 13:24:40',NULL),
(140,'CUSTOMERS_ACCESS','Acceder a Clientes','CUSTOMERS','Permite acceder a la opcion Clientes.',1,'2026-06-08 13:24:40','2026-06-08 13:24:40',NULL),
(141,'ACCOUNT_STATUS_ACCESS','Acceder a Estado de cuenta','CUSTOMERS','Permite acceder a la opcion Estado de cuenta.',1,'2026-06-08 13:24:40','2026-06-08 13:24:40',NULL),
(142,'CUSTOMER_CREDIT_ACCESS','Acceder a Creditos y limites','CUSTOMERS','Permite acceder a la opcion Creditos y limites.',1,'2026-06-08 13:24:40','2026-06-08 13:24:40',NULL),
(143,'AUTHORIZED_PERSONS_ACCESS','Acceder a Personas autorizadas','CUSTOMERS','Permite acceder a la opcion Personas autorizadas.',1,'2026-06-08 13:24:40','2026-06-08 13:24:40',NULL),
(144,'PURCHASE_HISTORY_ACCESS','Acceder a Historial de compras','CUSTOMERS','Permite acceder a la opcion Historial de compras.',1,'2026-06-08 13:24:40','2026-06-08 13:24:40',NULL),
(145,'CASH_OPENING_ACCESS','Acceder a Apertura y cierre de caja','CASH_CONTROL','Permite acceder a la opcion Apertura y cierre de caja.',1,'2026-06-08 13:24:40','2026-06-08 13:24:40',NULL),
(146,'CASH_COUNT_ACCESS','Acceder a Arqueo de caja','CASH_CONTROL','Permite acceder a la opcion Arqueo de caja.',1,'2026-06-08 13:24:40','2026-06-08 13:24:40',NULL),
(147,'CASH_MOVEMENTS_ACCESS','Acceder a Movimientos de caja','CASH_CONTROL','Permite acceder a la opcion Movimientos de caja.',1,'2026-06-08 13:24:40','2026-06-08 13:24:40',NULL),
(148,'PETTY_CASH_ACCESS','Acceder a Caja chica operativa','CASH_CONTROL','Permite acceder a la opcion Caja chica operativa.',1,'2026-06-08 13:24:40','2026-06-08 13:24:40',NULL),
(149,'PRODUCTS_ACCESS','Acceder a Productos','INVENTORY','Permite acceder a la opcion Productos.',1,'2026-06-08 13:24:40','2026-06-08 13:24:40',NULL),
(150,'STOCK_MOVEMENTS_ACCESS','Acceder a Movimientos de stock','INVENTORY','Permite acceder a la opcion Movimientos de stock.',1,'2026-06-08 13:24:40','2026-06-08 13:24:40',NULL),
(151,'PHYSICAL_INVENTORY_ACCESS','Acceder a Inventario fisico','INVENTORY','Permite acceder a la opcion Inventario fisico.',1,'2026-06-08 13:24:40','2026-06-08 13:24:40',NULL),
(152,'INVENTORY_ADJUSTMENTS_ACCESS','Acceder a Ajustes de inventario','INVENTORY','Permite acceder a la opcion Ajustes de inventario.',1,'2026-06-08 13:24:40','2026-06-08 13:24:40',NULL),
(153,'TRANSFERS_ACCESS','Acceder a Transferencias de stock','INVENTORY','Permite acceder a la opcion Transferencias de stock.',1,'2026-06-08 13:24:40','2026-06-08 13:24:40',NULL),
(154,'PRICE_LISTS_ACCESS','Acceder a Listas de precios','INVENTORY','Permite acceder a la opcion Listas de precios.',1,'2026-06-08 13:24:40','2026-06-08 13:24:40',NULL),
(155,'CATEGORIES_ACCESS','Acceder a Categorias de productos','INVENTORY','Permite acceder a la opcion Categorias de productos.',1,'2026-06-08 13:24:40','2026-06-08 13:24:40',NULL),
(156,'BARCODES_ACCESS','Acceder a Codigos de barra','INVENTORY','Permite acceder a la opcion Codigos de barra.',1,'2026-06-08 13:24:40','2026-06-08 13:24:40',NULL),
(157,'SUPPLIERS_ACCESS','Acceder a Proveedores','SUPPLIERS','Permite acceder a la opcion Proveedores.',1,'2026-06-08 13:24:40','2026-06-08 13:24:40',NULL),
(158,'PURCHASE_ORDERS_ACCESS','Acceder a Ordenes de compra','PURCHASES','Permite acceder a la opcion Ordenes de compra.',1,'2026-06-08 13:24:40','2026-06-08 13:24:40',NULL),
(159,'SUPPLIER_PAYABLE_ACCESS','Acceder a Cuentas por pagar proveedor','SUPPLIERS','Permite acceder a la opcion Cuentas por pagar proveedor.',1,'2026-06-08 13:24:40','2026-06-08 13:24:40',NULL),
(160,'SUPPLIER_PRODUCTS_ACCESS','Acceder a Productos por proveedor','SUPPLIERS','Permite acceder a la opcion Productos por proveedor.',1,'2026-06-08 13:24:40','2026-06-08 13:24:40',NULL),
(161,'SUPPLIER_HISTORY_ACCESS','Acceder a Historial de compras a proveedor','SUPPLIERS','Permite acceder a la opcion Historial de compras a proveedor.',1,'2026-06-08 13:24:40','2026-06-08 13:24:40',NULL),
(162,'SUPPLIER_CONTACTS_ACCESS','Acceder a Contactos de proveedores','SUPPLIERS','Permite acceder a la opcion Contactos de proveedores.',1,'2026-06-08 13:24:40','2026-06-08 13:24:40',NULL),
(163,'EXPENSES_ACCESS','Acceder a Gastos operativos','FINANCE','Permite acceder a la opcion Gastos operativos.',1,'2026-06-08 13:24:40','2026-06-08 13:24:40',NULL),
(164,'ADDITIONAL_INCOME_ACCESS','Acceder a Ingresos adicionales','FINANCE','Permite acceder a la opcion Ingresos adicionales.',1,'2026-06-08 13:24:40','2026-06-08 13:24:40',NULL),
(165,'SUPPLIER_PAYMENTS_ACCESS','Acceder a Pagos a proveedores','FINANCE','Permite acceder a la opcion Pagos a proveedores.',1,'2026-06-08 13:24:40','2026-06-08 13:24:40',NULL),
(166,'BANK_RECONCILIATION_ACCESS','Acceder a Conciliacion bancaria','FINANCE','Permite acceder a la opcion Conciliacion bancaria.',1,'2026-06-08 13:24:40','2026-06-08 13:24:40',NULL),
(167,'COMMERCIAL_DOCUMENTS_ACCESS','Acceder a Documentos comerciales','DOCUMENTS','Permite acceder a la opcion Documentos comerciales.',1,'2026-06-08 13:24:40','2026-06-08 13:24:40',NULL),
(168,'RETURNS_ACCESS','Acceder a Devoluciones','RETURNS','Permite acceder a la opcion Devoluciones.',1,'2026-06-08 13:24:40','2026-06-08 13:24:40',NULL),
(169,'CREDIT_NOTES_ACCESS','Acceder a Notas de credito','RETURNS','Permite acceder a la opcion Notas de credito.',1,'2026-06-08 13:24:40','2026-06-08 13:24:40',NULL),
(170,'DOCUMENT_SERIES_ACCESS','Acceder a Series de documentos','DOCUMENTS','Permite acceder a la opcion Series de documentos.',1,'2026-06-08 13:24:40','2026-06-08 13:24:40',NULL),
(171,'DOCUMENT_TEMPLATES_ACCESS','Acceder a Plantillas de documentos','DOCUMENTS','Permite acceder a la opcion Plantillas de documentos.',1,'2026-06-08 13:24:40','2026-06-08 13:24:40',NULL),
(172,'SALES_METRICS_ACCESS','Acceder a Metricas de ventas','METRICS','Permite acceder a la opcion Metricas de ventas.',1,'2026-06-08 13:24:40','2026-06-08 13:24:40',NULL),
(173,'INVENTORY_METRICS_ACCESS','Acceder a Metricas de inventario','METRICS','Permite acceder a la opcion Metricas de inventario.',1,'2026-06-08 13:24:40','2026-06-08 13:24:40',NULL),
(174,'CASH_METRICS_ACCESS','Acceder a Metricas de caja','METRICS','Permite acceder a la opcion Metricas de caja.',1,'2026-06-08 13:24:40','2026-06-08 13:24:40',NULL),
(175,'CUSTOMER_METRICS_ACCESS','Acceder a Metricas de clientes','METRICS','Permite acceder a la opcion Metricas de clientes.',1,'2026-06-08 13:24:40','2026-06-08 13:24:40',NULL),
(176,'DAILY_SALES_ACCESS','Acceder a Ventas diarias','REPORTS','Permite acceder a la opcion Ventas diarias.',1,'2026-06-08 13:24:40','2026-06-08 13:24:40',NULL),
(177,'SALES_BY_SELLER_ACCESS','Acceder a Ventas por vendedor','REPORTS','Permite acceder a la opcion Ventas por vendedor.',1,'2026-06-08 13:24:40','2026-06-08 13:24:40',NULL),
(178,'TOP_PRODUCTS_ACCESS','Acceder a Productos mas vendidos','REPORTS','Permite acceder a la opcion Productos mas vendidos.',1,'2026-06-08 13:24:40','2026-06-08 13:24:40',NULL),
(179,'LOW_STOCK_ACCESS','Acceder a Inventario bajo stock','REPORTS','Permite acceder a la opcion Inventario bajo stock.',1,'2026-06-08 13:24:40','2026-06-08 13:24:40',NULL),
(180,'CASH_FLOW_ACCESS','Acceder a Flujo de caja','REPORTS','Permite acceder a la opcion Flujo de caja.',1,'2026-06-08 13:24:40','2026-06-08 13:24:40',NULL),
(181,'PROFITABILITY_ACCESS','Acceder a Analisis de rentabilidad','REPORTS','Permite acceder a la opcion Analisis de rentabilidad.',1,'2026-06-08 13:24:40','2026-06-08 13:24:40',NULL),
(182,'FINANCIAL_AUDIT_ACCESS','Acceder a Auditoria financiera','AUDIT','Permite acceder a la opcion Auditoria financiera.',1,'2026-06-08 13:24:40','2026-06-08 13:24:40',NULL),
(183,'SYSTEM_AUDIT_REPORT_ACCESS','Acceder a Auditoria del sistema','AUDIT','Permite acceder a la opcion Auditoria del sistema.',1,'2026-06-08 13:24:40','2026-06-08 13:24:40',NULL),
(184,'USER_ACTIVITY_REPORT_ACCESS','Acceder a Actividad de usuarios','AUDIT','Permite acceder a la opcion Actividad de usuarios.',1,'2026-06-08 13:24:40','2026-06-08 13:24:40',NULL),
(185,'COMPANY_CONFIG_ACCESS','Acceder a Configuracion de empresa','SETTINGS','Permite acceder a la opcion Configuracion de empresa.',1,'2026-06-08 13:24:40','2026-06-08 13:24:40',NULL),
(186,'SYSTEM_PARAMETERS_ACCESS','Acceder a Parametros del sistema','SETTINGS','Permite acceder a la opcion Parametros del sistema.',1,'2026-06-08 13:24:40','2026-06-08 13:24:40',NULL),
(187,'TAX_CONFIG_ACCESS','Acceder a Configuracion de impuestos','SETTINGS','Permite acceder a la opcion Configuracion de impuestos.',1,'2026-06-08 13:24:40','2026-06-08 13:24:40',NULL),
(188,'PAYMENT_METHODS_ACCESS','Acceder a Metodos de pago','SETTINGS','Permite acceder a la opcion Metodos de pago.',1,'2026-06-08 13:24:40','2026-06-08 13:24:40',NULL),
(189,'BACKUP_ACCESS','Acceder a Backup y restauracion','SETTINGS','Permite acceder a la opcion Backup y restauracion.',1,'2026-06-08 13:24:40','2026-06-08 13:24:40',NULL),
(190,'SYSTEM_LOGS_ACCESS','Acceder a Logs del sistema','SETTINGS','Permite acceder a la opcion Logs del sistema.',1,'2026-06-08 13:24:40','2026-06-08 13:24:40',NULL),
(191,'SYSTEM_AUDIT_ACCESS','Acceder a Auditoria del sistema','SETTINGS','Permite acceder a la opcion Auditoria del sistema.',1,'2026-06-08 13:24:40','2026-06-08 13:24:40',NULL),
(192,'USERS_ACCESS','Acceder a Usuarios','ADMIN','Permite acceder a la opcion Usuarios.',1,'2026-06-08 13:24:40','2026-06-08 13:24:40',NULL),
(193,'ROLES_ACCESS','Acceder a Roles','ADMIN','Permite acceder a la opcion Roles.',1,'2026-06-08 13:24:40','2026-06-08 13:24:40',NULL),
(194,'WAREHOUSES_ACCESS','Acceder a Bodegas','ADMIN','Permite acceder a la opcion Bodegas.',1,'2026-06-08 13:24:40','2026-06-08 13:24:40',NULL),
(195,'CASH_POS_ADMIN_ACCESS','Acceder a Configuracion de caja POS','ADMIN','Permite acceder a la opcion Configuracion de caja POS.',1,'2026-06-08 13:24:40','2026-06-08 13:24:40',NULL),
(196,'PETTY_CASH_ADMIN_ACCESS','Acceder a Administracion de caja chica','ADMIN','Permite acceder a la opcion Administracion de caja chica.',1,'2026-06-08 13:24:40','2026-06-08 13:24:40',NULL),
(198,'PETTY_CASH_MANAGE','Gestionar Caja Chica','CASH_CONTROL','Permite crear, editar, cerrar y eliminar fondos y categorias de caja chica.',1,'2026-06-08 13:24:40','2026-06-08 13:24:40',NULL),
(199,'PAYMENT_METHODS_MANAGE','Gestionar Metodos de Pago','CONFIGURATION','Permite crear, editar, activar y eliminar metodos de pago.',1,'2026-06-08 13:24:40','2026-06-08 13:24:40',NULL),
(200,'MEASUREMENT_UNITS_ACCESS','Acceder a Unidades de Medida','CONFIGURATION','Permite visualizar el mantenedor de unidades de medida.',1,'2026-06-08 13:24:40','2026-06-08 13:24:40',NULL),
(201,'MEASUREMENT_UNITS_MANAGE','Gestionar Unidades de Medida','CONFIGURATION','Permite crear, editar, activar y eliminar unidades de medida.',1,'2026-06-08 13:24:40','2026-06-08 13:24:40',NULL),
(202,'PRODUCT_CATEGORIES_MANAGE','Gestionar Categorias de Productos','PRODUCTS','Permite crear, editar, activar y eliminar categorias de productos.',1,'2026-06-08 13:24:40','2026-06-08 13:24:40',NULL),
(203,'PRODUCT_ATTRIBUTES_ACCESS','Acceder a Atributos de Productos','PRODUCTS','Permite visualizar grupos, atributos y valores de productos.',1,'2026-06-08 13:24:40','2026-06-08 13:24:40',NULL),
(204,'PRODUCT_ATTRIBUTES_MANAGE','Gestionar Atributos de Productos','PRODUCTS','Permite crear, editar, activar y eliminar grupos, atributos y valores.',1,'2026-06-08 13:24:40','2026-06-08 13:24:40',NULL),
(205,'DOCUMENT_SERIES_MANAGE','Gestionar Series de Documentos','DOCUMENTS','Permite editar tipos y gestionar series de documentos.',1,'2026-06-08 13:24:40','2026-06-08 13:24:40',NULL),
(206,'PRODUCTS_MANAGE','Gestionar Productos','PRODUCTS','Permite crear, editar, activar y eliminar productos y SKU.',1,'2026-06-08 13:24:41','2026-06-08 13:24:41',NULL),
(207,'PRICE_LISTS_MANAGE','Gestionar Listas de Precios','PRICING','Permite crear, editar, activar y eliminar listas de precios.',1,'2026-06-08 13:24:41','2026-06-08 13:24:41',NULL),
(208,'TAX_CONFIG_MANAGE','Gestionar Configuracion de Impuestos','SETTINGS','Permite crear, editar, activar y eliminar impuestos.',1,'2026-06-08 13:24:41','2026-06-08 13:24:41',NULL),
(209,'COMPANY_CONFIG_MANAGE','Gestionar Configuracion de Empresa','SETTINGS','Permite editar la configuracion de empresa.',1,'2026-06-08 13:24:41','2026-06-08 13:24:41',NULL),
(214,'FOUNDATION_MAINTAINERS_ACCESS','Acceder a Mantenedores Fundacionales','SETTINGS','Permite visualizar mantenedores base no transaccionales.',1,'2026-06-08 13:24:41','2026-06-08 13:24:41',NULL),
(215,'FOUNDATION_MAINTAINERS_MANAGE','Gestionar Mantenedores Fundacionales','SETTINGS','Permite crear, editar y eliminar mantenedores base no transaccionales.',1,'2026-06-08 13:24:41','2026-06-08 13:24:41',NULL),
(216,'PRODUCT_BRAND_MODELS_ACCESS','Acceder a Marcas y Modelos','PRODUCTS','Permite visualizar marcas y modelos de productos.',1,'2026-06-08 13:24:41','2026-06-08 13:24:41',NULL),
(217,'PRODUCT_BRAND_MODELS_MANAGE','Gestionar Marcas y Modelos','PRODUCTS','Permite crear, editar y eliminar marcas y modelos de productos.',1,'2026-06-08 13:24:41','2026-06-08 13:24:41',NULL),
(218,'NOTIFICATIONS_MANAGE_TYPES','Gestionar Tipos de Notificaciones','SYSTEM','Permite administrar el catalogo de tipos de notificaciones.',1,'2026-06-08 13:24:42','2026-06-08 13:24:42',NULL),
(220,'PROFILE_ACCESS','Acceder a Mi Perfil','PROFILE','Permite ver y actualizar el perfil propio.',1,'2026-06-08 13:24:42','2026-06-08 13:24:42',NULL),
(221,'INVENTORY_MAINTAINERS_ACCESS','Acceder a Mantenedores de Inventario','INVENTORY','Permite visualizar mantenedores auxiliares de inventario.',1,'2026-06-08 13:24:42','2026-06-08 13:24:42',NULL),
(222,'INVENTORY_MAINTAINERS_MANAGE','Gestionar Mantenedores de Inventario','INVENTORY','Permite gestionar zonas, codigos, unidades y reglas de inventario.',1,'2026-06-08 13:24:42','2026-06-08 13:24:42',NULL),
(223,'SALES_MAINTAINERS_ACCESS','Acceder a Mantenedores de Ventas','SALES','Permite visualizar mantenedores comerciales no transaccionales.',1,'2026-06-08 13:24:42','2026-06-08 13:24:42',NULL),
(224,'SALES_MAINTAINERS_MANAGE','Gestionar Mantenedores de Ventas','SALES','Permite gestionar promociones y motivos de devolucion.',1,'2026-06-08 13:24:42','2026-06-08 13:24:42',NULL),
(225,'FINANCE_MAINTAINERS_ACCESS','Acceder a Mantenedores Financieros','FINANCE','Permite visualizar bancos, cuentas, monedas y reglas de conciliacion.',1,'2026-06-08 13:24:42','2026-06-08 13:24:42',NULL),
(226,'FINANCE_MAINTAINERS_MANAGE','Gestionar Mantenedores Financieros','FINANCE','Permite gestionar bancos, cuentas, monedas y reglas de conciliacion.',1,'2026-06-08 13:24:42','2026-06-08 13:24:42',NULL),
(227,'DOCUMENT_TEMPLATES_MANAGE','Gestionar Plantillas de Documentos','DOCUMENTS','Permite crear, editar y eliminar plantillas documentales.',1,'2026-06-08 13:24:42','2026-06-08 13:24:42',NULL),
(228,'NOTIFICATION_SETTINGS_ACCESS','Acceder a Configuracion de Notificaciones','SYSTEM','Permite visualizar tipos, reglas y preferencias de notificacion.',1,'2026-06-08 13:24:42','2026-06-08 13:24:42',NULL),
(229,'NOTIFICATION_SETTINGS_MANAGE','Gestionar Configuracion de Notificaciones','SYSTEM','Permite gestionar tipos, reglas y preferencias de notificacion.',1,'2026-06-08 13:24:42','2026-06-08 13:24:42',NULL),
(231,'PRODUCT_BARCODES_ACCESS','Acceder a Codigos de Barra de Productos','PRODUCTS','Permite visualizar codigos de barra asociados a SKU y unidades.',1,'2026-06-08 13:24:45','2026-06-08 13:24:45',NULL),
(232,'PRODUCT_BARCODES_MANAGE','Gestionar Codigos de Barra de Productos','PRODUCTS','Permite crear, editar, activar y eliminar codigos de barra de productos.',1,'2026-06-08 13:24:45','2026-06-08 13:24:45',NULL),
(233,'PRODUCT_UNITS_ACCESS','Acceder a Unidades por Producto','PRODUCTS','Permite visualizar unidades alternativas por producto.',1,'2026-06-08 13:24:45','2026-06-08 13:24:45',NULL),
(234,'PRODUCT_UNITS_MANAGE','Gestionar Unidades por Producto','PRODUCTS','Permite crear, editar, activar y eliminar unidades alternativas por producto.',1,'2026-06-08 13:24:45','2026-06-08 13:24:45',NULL),
(238,'SALES_POINTS_ACCESS','Ver Puntos de Venta','SALES_OPERATIONS','Permite ver el mantenedor de puntos de venta.',1,'2026-06-10 12:15:28','2026-06-10 12:15:28',NULL),
(239,'SALES_POINTS_MANAGE','Gestionar Puntos de Venta','SALES_OPERATIONS','Permite crear, editar, activar y eliminar puntos de venta.',1,'2026-06-10 12:15:28','2026-06-10 12:15:28',NULL),
(240,'OPERATOR_ASSIGNMENTS_ACCESS','Ver Asignaciones Operativas','SALES_OPERATIONS','Permite ver usuarios asignados a cajas y puntos de venta.',1,'2026-06-10 12:15:28','2026-06-10 12:15:28',NULL),
(241,'OPERATOR_ASSIGNMENTS_MANAGE','Gestionar Asignaciones Operativas','SALES_OPERATIONS','Permite asignar usuarios a cajas y puntos de venta.',1,'2026-06-10 12:15:28','2026-06-10 12:15:28',NULL);

/*!40000 ALTER TABLE `permissions` ENABLE KEYS */;
UNLOCK TABLES;

LOCK TABLES `roles` WRITE;
/*!40000 ALTER TABLE `roles` DISABLE KEYS */;
INSERT IGNORE INTO `roles` (`id`, `role_code`, `role_name`, `role_description`, `is_system_role`, `is_active`, `created_at`, `updated_at`, `deleted_at`) VALUES
(1,'ADMIN','Administrador','Acceso completo al sistema',1,1,'2026-06-08 13:24:32','2026-06-08 13:24:32',NULL),
(2,'WAREHOUSE_MANAGER','Jefe de Bodega','Gestión completa de inventario y bodegas',1,1,'2026-06-08 13:24:32','2026-06-08 13:24:32',NULL),
(3,'SALES_PERSON','Vendedor','Gestión de ventas y consulta de productos',1,1,'2026-06-08 13:24:32','2026-06-08 13:24:32',NULL),
(4,'VIEWER','Consultor','Solo lectura de información',1,1,'2026-06-08 13:24:32','2026-06-08 13:24:32',NULL),
(5,'ACCOUNTANT','Contador','Gestión completa de cuentas por cobrar y contabilidad',1,1,'2026-06-08 13:24:34','2026-06-08 13:24:34',NULL),
(6,'SUPER_ADMIN','Super Administrador','Perfil raiz del sistema con todos los permisos disponibles.',1,1,'2026-06-08 13:24:40','2026-06-08 13:24:40',NULL);

/*!40000 ALTER TABLE `roles` ENABLE KEYS */;
UNLOCK TABLES;

LOCK TABLES `role_permissions` WRITE;
/*!40000 ALTER TABLE `role_permissions` DISABLE KEYS */;
INSERT IGNORE INTO `role_permissions` (`id`, `role_id`, `permission_id`, `granted_at`, `created_at`, `updated_at`, `deleted_at`, `granted_by_user_id`) VALUES
(1,5,34,'2026-06-08 13:24:34','2026-06-08 13:24:40','2026-06-08 13:24:42','2026-06-08 13:24:42',NULL),
(2,5,35,'2026-06-08 13:24:34','2026-06-08 13:24:40','2026-06-08 13:24:42','2026-06-08 13:24:42',NULL),
(3,5,36,'2026-06-08 13:24:34','2026-06-08 13:24:40','2026-06-08 13:24:42','2026-06-08 13:24:42',NULL),
(4,5,37,'2026-06-08 13:24:34','2026-06-08 13:24:40','2026-06-08 13:24:42','2026-06-08 13:24:42',NULL),
(5,5,38,'2026-06-08 13:24:34','2026-06-08 13:24:40','2026-06-08 13:24:42','2026-06-08 13:24:42',NULL),
(6,5,39,'2026-06-08 13:24:34','2026-06-08 13:24:40','2026-06-08 13:24:42','2026-06-08 13:24:42',NULL),
(7,5,40,'2026-06-08 13:24:34','2026-06-08 13:24:40','2026-06-08 13:24:40',NULL,NULL),
(8,5,41,'2026-06-08 13:24:34','2026-06-08 13:24:40','2026-06-08 13:24:42','2026-06-08 13:24:42',NULL),
(9,5,42,'2026-06-08 13:24:34','2026-06-08 13:24:40','2026-06-08 13:24:40',NULL,NULL),
(10,5,43,'2026-06-08 13:24:34','2026-06-08 13:24:40','2026-06-08 13:24:40',NULL,NULL),
(11,5,44,'2026-06-08 13:24:34','2026-06-08 13:24:40','2026-06-08 13:24:40',NULL,NULL),
(12,5,45,'2026-06-08 13:24:34','2026-06-08 13:24:40','2026-06-08 13:24:42','2026-06-08 13:24:42',NULL),
(13,5,46,'2026-06-08 13:24:34','2026-06-08 13:24:40','2026-06-08 13:24:42','2026-06-08 13:24:42',NULL),
(14,5,47,'2026-06-08 13:24:34','2026-06-08 13:24:40','2026-06-08 13:24:42','2026-06-08 13:24:42',NULL),
(15,5,25,'2026-06-08 13:24:34','2026-06-08 13:24:40','2026-06-08 13:24:42','2026-06-08 13:24:42',NULL),
(16,5,26,'2026-06-08 13:24:34','2026-06-08 13:24:40','2026-06-08 13:24:42','2026-06-08 13:24:42',NULL),
(17,5,27,'2026-06-08 13:24:34','2026-06-08 13:24:40','2026-06-08 13:24:42','2026-06-08 13:24:42',NULL),
(18,5,28,'2026-06-08 13:24:34','2026-06-08 13:24:40','2026-06-08 13:24:42','2026-06-08 13:24:42',NULL),
(19,5,29,'2026-06-08 13:24:34','2026-06-08 13:24:40','2026-06-08 13:24:42','2026-06-08 13:24:42',NULL),
(20,5,30,'2026-06-08 13:24:34','2026-06-08 13:24:40','2026-06-08 13:24:40',NULL,NULL),
(21,5,31,'2026-06-08 13:24:34','2026-06-08 13:24:40','2026-06-08 13:24:40',NULL,NULL),
(22,5,32,'2026-06-08 13:24:34','2026-06-08 13:24:40','2026-06-08 13:24:42','2026-06-08 13:24:42',NULL),
(23,5,33,'2026-06-08 13:24:34','2026-06-08 13:24:40','2026-06-08 13:24:40',NULL,NULL),
(24,5,18,'2026-06-08 13:24:34','2026-06-08 13:24:40','2026-06-08 13:24:42','2026-06-08 13:24:42',NULL),
(25,5,19,'2026-06-08 13:24:34','2026-06-08 13:24:40','2026-06-08 13:24:40',NULL,NULL),
(32,1,54,'2026-06-08 13:24:35','2026-06-08 13:24:40','2026-06-08 13:24:40',NULL,NULL),
(33,1,55,'2026-06-08 13:24:35','2026-06-08 13:24:40','2026-06-08 13:24:40',NULL,NULL),
(34,1,56,'2026-06-08 13:24:35','2026-06-08 13:24:40','2026-06-08 13:24:40',NULL,NULL),
(35,1,57,'2026-06-08 13:24:35','2026-06-08 13:24:40','2026-06-08 13:24:40',NULL,NULL),
(36,2,58,'2026-06-08 13:24:35','2026-06-08 13:24:40','2026-06-08 13:24:40',NULL,NULL),
(37,2,59,'2026-06-08 13:24:35','2026-06-08 13:24:40','2026-06-08 13:24:40',NULL,NULL),
(38,2,60,'2026-06-08 13:24:35','2026-06-08 13:24:40','2026-06-08 13:24:40',NULL,NULL),
(39,2,61,'2026-06-08 13:24:35','2026-06-08 13:24:40','2026-06-08 13:24:40',NULL,NULL),
(40,2,63,'2026-06-08 13:24:35','2026-06-08 13:24:40','2026-06-08 13:24:40',NULL,NULL),
(41,3,54,'2026-06-08 13:24:35','2026-06-08 13:24:40','2026-06-08 13:24:40',NULL,NULL),
(42,3,55,'2026-06-08 13:24:35','2026-06-08 13:24:40','2026-06-08 13:24:40',NULL,NULL),
(43,3,62,'2026-06-08 13:24:35','2026-06-08 13:24:40','2026-06-08 13:24:40',NULL,NULL),
(44,5,54,'2026-06-08 13:24:35','2026-06-08 13:24:40','2026-06-08 13:24:40',NULL,NULL),
(45,5,56,'2026-06-08 13:24:35','2026-06-08 13:24:40','2026-06-08 13:24:40',NULL,NULL),
(46,1,20,'2026-06-08 13:24:40','2026-06-08 13:24:40','2026-06-08 13:24:42','2026-06-08 13:24:42',1),
(47,1,119,'2026-06-08 13:24:40','2026-06-08 13:24:40','2026-06-08 13:24:40',NULL,1),
(48,1,118,'2026-06-08 13:24:40','2026-06-08 13:24:40','2026-06-08 13:24:40',NULL,1),
(49,1,116,'2026-06-08 13:24:40','2026-06-08 13:24:40','2026-06-08 13:24:40',NULL,1),
(50,1,117,'2026-06-08 13:24:40','2026-06-08 13:24:40','2026-06-08 13:24:40',NULL,1),
(53,3,116,'2026-06-08 13:24:40','2026-06-08 13:24:40','2026-06-08 13:24:40',NULL,1),
(54,4,116,'2026-06-08 13:24:40','2026-06-08 13:24:40','2026-06-08 13:24:40',NULL,1),
(55,2,116,'2026-06-08 13:24:40','2026-06-08 13:24:40','2026-06-08 13:24:40',NULL,1),
(56,1,133,'2026-06-08 13:24:40','2026-06-08 13:24:40','2026-06-08 13:24:40',NULL,1),
(57,1,131,'2026-06-08 13:24:40','2026-06-08 13:24:40','2026-06-08 13:24:40',NULL,1),
(58,1,124,'2026-06-08 13:24:40','2026-06-08 13:24:40','2026-06-08 13:24:40',NULL,1),
(59,1,123,'2026-06-08 13:24:40','2026-06-08 13:24:40','2026-06-08 13:24:40',NULL,1),
(60,1,128,'2026-06-08 13:24:40','2026-06-08 13:24:40','2026-06-08 13:24:40',NULL,1),
(61,1,127,'2026-06-08 13:24:40','2026-06-08 13:24:40','2026-06-08 13:24:40',NULL,1),
(62,1,121,'2026-06-08 13:24:40','2026-06-08 13:24:40','2026-06-08 13:24:40',NULL,1),
(63,1,125,'2026-06-08 13:24:40','2026-06-08 13:24:40','2026-06-08 13:24:40',NULL,1),
(64,1,129,'2026-06-08 13:24:40','2026-06-08 13:24:40','2026-06-08 13:24:40',NULL,1),
(65,1,130,'2026-06-08 13:24:40','2026-06-08 13:24:40','2026-06-08 13:24:40',NULL,1),
(66,1,122,'2026-06-08 13:24:40','2026-06-08 13:24:40','2026-06-08 13:24:40',NULL,1),
(67,1,132,'2026-06-08 13:24:40','2026-06-08 13:24:40','2026-06-08 13:24:40',NULL,1),
(68,1,126,'2026-06-08 13:24:40','2026-06-08 13:24:40','2026-06-08 13:24:40',NULL,1),
(71,2,121,'2026-06-08 13:24:40','2026-06-08 13:24:40','2026-06-08 13:24:40',NULL,1),
(72,3,121,'2026-06-08 13:24:40','2026-06-08 13:24:40','2026-06-08 13:24:40',NULL,1),
(73,4,121,'2026-06-08 13:24:40','2026-06-08 13:24:40','2026-06-08 13:24:40',NULL,1),
(74,5,121,'2026-06-08 13:24:40','2026-06-08 13:24:40','2026-06-08 13:24:40',NULL,1),
(78,6,1,'2026-06-08 13:24:40','2026-06-08 13:24:40','2026-06-08 13:24:42','2026-06-08 13:24:42',9),
(79,6,2,'2026-06-08 13:24:40','2026-06-08 13:24:40','2026-06-08 13:24:42','2026-06-08 13:24:42',9),
(80,6,3,'2026-06-08 13:24:40','2026-06-08 13:24:40','2026-06-08 13:24:42','2026-06-08 13:24:42',9),
(81,6,4,'2026-06-08 13:24:40','2026-06-08 13:24:40','2026-06-08 13:24:42','2026-06-08 13:24:42',9),
(82,6,5,'2026-06-08 13:24:40','2026-06-08 13:24:40','2026-06-08 13:24:42','2026-06-08 13:24:42',9),
(83,6,6,'2026-06-08 13:24:40','2026-06-08 13:24:40','2026-06-08 13:24:42','2026-06-08 13:24:42',9),
(84,6,7,'2026-06-08 13:24:40','2026-06-08 13:24:40','2026-06-08 13:24:42','2026-06-08 13:24:42',9),
(85,6,8,'2026-06-08 13:24:40','2026-06-08 13:24:40','2026-06-08 13:24:42','2026-06-08 13:24:42',9),
(86,6,9,'2026-06-08 13:24:40','2026-06-08 13:24:40','2026-06-08 13:24:42','2026-06-08 13:24:42',9),
(87,6,10,'2026-06-08 13:24:40','2026-06-08 13:24:40','2026-06-08 13:24:42','2026-06-08 13:24:42',9),
(88,6,11,'2026-06-08 13:24:40','2026-06-08 13:24:40','2026-06-08 13:24:42','2026-06-08 13:24:42',9),
(89,6,12,'2026-06-08 13:24:40','2026-06-08 13:24:40','2026-06-08 13:24:42','2026-06-08 13:24:42',9),
(90,6,13,'2026-06-08 13:24:40','2026-06-08 13:24:40','2026-06-08 13:24:40',NULL,9),
(91,6,14,'2026-06-08 13:24:40','2026-06-08 13:24:40','2026-06-08 13:24:42','2026-06-08 13:24:42',9),
(92,6,15,'2026-06-08 13:24:40','2026-06-08 13:24:40','2026-06-08 13:24:42','2026-06-08 13:24:42',9),
(93,6,16,'2026-06-08 13:24:40','2026-06-08 13:24:40','2026-06-08 13:24:40',NULL,9),
(94,6,17,'2026-06-08 13:24:40','2026-06-08 13:24:40','2026-06-08 13:24:42','2026-06-08 13:24:42',9),
(95,6,18,'2026-06-08 13:24:40','2026-06-08 13:24:40','2026-06-08 13:24:42','2026-06-08 13:24:42',9),
(96,6,19,'2026-06-08 13:24:40','2026-06-08 13:24:40','2026-06-08 13:24:40',NULL,9),
(97,6,20,'2026-06-08 13:24:40','2026-06-08 13:24:40','2026-06-08 13:24:42','2026-06-08 13:24:42',9),
(98,6,21,'2026-06-08 13:24:40','2026-06-08 13:24:40','2026-06-08 13:24:42','2026-06-08 13:24:42',9),
(99,6,22,'2026-06-08 13:24:40','2026-06-08 13:24:40','2026-06-08 13:24:42','2026-06-08 13:24:42',9),
(100,6,23,'2026-06-08 13:24:40','2026-06-08 13:24:40','2026-06-08 13:24:42','2026-06-08 13:24:42',9),
(101,6,24,'2026-06-08 13:24:40','2026-06-08 13:24:40','2026-06-08 13:24:42','2026-06-08 13:24:42',9),
(102,6,25,'2026-06-08 13:24:40','2026-06-08 13:24:40','2026-06-08 13:24:42','2026-06-08 13:24:42',9),
(103,6,26,'2026-06-08 13:24:40','2026-06-08 13:24:40','2026-06-08 13:24:42','2026-06-08 13:24:42',9),
(104,6,27,'2026-06-08 13:24:40','2026-06-08 13:24:40','2026-06-08 13:24:42','2026-06-08 13:24:42',9),
(105,6,28,'2026-06-08 13:24:40','2026-06-08 13:24:40','2026-06-08 13:24:42','2026-06-08 13:24:42',9),
(106,6,29,'2026-06-08 13:24:40','2026-06-08 13:24:40','2026-06-08 13:24:42','2026-06-08 13:24:42',9),
(107,6,30,'2026-06-08 13:24:40','2026-06-08 13:24:40','2026-06-08 13:24:40',NULL,9),
(108,6,31,'2026-06-08 13:24:40','2026-06-08 13:24:40','2026-06-08 13:24:40',NULL,9),
(109,6,32,'2026-06-08 13:24:40','2026-06-08 13:24:40','2026-06-08 13:24:42','2026-06-08 13:24:42',9),
(110,6,33,'2026-06-08 13:24:40','2026-06-08 13:24:40','2026-06-08 13:24:40',NULL,9),
(111,6,34,'2026-06-08 13:24:40','2026-06-08 13:24:40','2026-06-08 13:24:42','2026-06-08 13:24:42',9),
(112,6,35,'2026-06-08 13:24:40','2026-06-08 13:24:40','2026-06-08 13:24:42','2026-06-08 13:24:42',9),
(113,6,36,'2026-06-08 13:24:40','2026-06-08 13:24:40','2026-06-08 13:24:42','2026-06-08 13:24:42',9),
(114,6,37,'2026-06-08 13:24:40','2026-06-08 13:24:40','2026-06-08 13:24:42','2026-06-08 13:24:42',9),
(115,6,38,'2026-06-08 13:24:40','2026-06-08 13:24:40','2026-06-08 13:24:42','2026-06-08 13:24:42',9),
(116,6,39,'2026-06-08 13:24:40','2026-06-08 13:24:40','2026-06-08 13:24:42','2026-06-08 13:24:42',9),
(117,6,40,'2026-06-08 13:24:40','2026-06-08 13:24:40','2026-06-08 13:24:40',NULL,9),
(118,6,41,'2026-06-08 13:24:40','2026-06-08 13:24:40','2026-06-08 13:24:42','2026-06-08 13:24:42',9),
(119,6,42,'2026-06-08 13:24:40','2026-06-08 13:24:40','2026-06-08 13:24:40',NULL,9),
(120,6,43,'2026-06-08 13:24:40','2026-06-08 13:24:40','2026-06-08 13:24:40',NULL,9),
(121,6,44,'2026-06-08 13:24:40','2026-06-08 13:24:40','2026-06-08 13:24:40',NULL,9),
(122,6,45,'2026-06-08 13:24:40','2026-06-08 13:24:40','2026-06-08 13:24:42','2026-06-08 13:24:42',9),
(123,6,46,'2026-06-08 13:24:40','2026-06-08 13:24:40','2026-06-08 13:24:42','2026-06-08 13:24:42',9),
(124,6,47,'2026-06-08 13:24:40','2026-06-08 13:24:40','2026-06-08 13:24:42','2026-06-08 13:24:42',9),
(125,6,54,'2026-06-08 13:24:40','2026-06-08 13:24:40','2026-06-08 13:24:40',NULL,9),
(126,6,55,'2026-06-08 13:24:40','2026-06-08 13:24:40','2026-06-08 13:24:40',NULL,9),
(127,6,56,'2026-06-08 13:24:40','2026-06-08 13:24:40','2026-06-08 13:24:40',NULL,9),
(128,6,57,'2026-06-08 13:24:40','2026-06-08 13:24:40','2026-06-08 13:24:40',NULL,9),
(129,6,58,'2026-06-08 13:24:40','2026-06-08 13:24:40','2026-06-08 13:24:40',NULL,9),
(130,6,59,'2026-06-08 13:24:40','2026-06-08 13:24:40','2026-06-08 13:24:40',NULL,9),
(131,6,60,'2026-06-08 13:24:40','2026-06-08 13:24:40','2026-06-08 13:24:40',NULL,9),
(132,6,61,'2026-06-08 13:24:40','2026-06-08 13:24:40','2026-06-08 13:24:40',NULL,9),
(133,6,62,'2026-06-08 13:24:40','2026-06-08 13:24:40','2026-06-08 13:24:40',NULL,9),
(134,6,63,'2026-06-08 13:24:40','2026-06-08 13:24:40','2026-06-08 13:24:40',NULL,9),
(135,6,64,'2026-06-08 13:24:40','2026-06-08 13:24:40','2026-06-08 13:24:40',NULL,9),
(136,6,65,'2026-06-08 13:24:40','2026-06-08 13:24:40','2026-06-08 13:24:40',NULL,9),
(137,6,66,'2026-06-08 13:24:40','2026-06-08 13:24:40','2026-06-08 13:24:40',NULL,9),
(138,6,67,'2026-06-08 13:24:40','2026-06-08 13:24:40','2026-06-08 13:24:40',NULL,9),
(139,6,68,'2026-06-08 13:24:40','2026-06-08 13:24:40','2026-06-08 13:24:40',NULL,9),
(140,6,69,'2026-06-08 13:24:40','2026-06-08 13:24:40','2026-06-08 13:24:40',NULL,9),
(141,6,70,'2026-06-08 13:24:40','2026-06-08 13:24:40','2026-06-08 13:24:40',NULL,9),
(142,6,71,'2026-06-08 13:24:40','2026-06-08 13:24:40','2026-06-08 13:24:40',NULL,9),
(143,6,72,'2026-06-08 13:24:40','2026-06-08 13:24:40','2026-06-08 13:24:40',NULL,9),
(144,6,73,'2026-06-08 13:24:40','2026-06-08 13:24:40','2026-06-08 13:24:40',NULL,9),
(145,6,74,'2026-06-08 13:24:40','2026-06-08 13:24:40','2026-06-08 13:24:40',NULL,9),
(146,6,75,'2026-06-08 13:24:40','2026-06-08 13:24:40','2026-06-08 13:24:40',NULL,9),
(147,6,76,'2026-06-08 13:24:40','2026-06-08 13:24:40','2026-06-08 13:24:40',NULL,9),
(148,6,77,'2026-06-08 13:24:40','2026-06-08 13:24:40','2026-06-08 13:24:40',NULL,9),
(149,6,78,'2026-06-08 13:24:40','2026-06-08 13:24:40','2026-06-08 13:24:40',NULL,9),
(150,6,79,'2026-06-08 13:24:40','2026-06-08 13:24:40','2026-06-08 13:24:40',NULL,9),
(151,6,80,'2026-06-08 13:24:40','2026-06-08 13:24:40','2026-06-08 13:24:40',NULL,9),
(152,6,81,'2026-06-08 13:24:40','2026-06-08 13:24:40','2026-06-08 13:24:40',NULL,9),
(153,6,82,'2026-06-08 13:24:40','2026-06-08 13:24:40','2026-06-08 13:24:40',NULL,9),
(154,6,83,'2026-06-08 13:24:40','2026-06-08 13:24:40','2026-06-08 13:24:40',NULL,9),
(155,6,84,'2026-06-08 13:24:40','2026-06-08 13:24:40','2026-06-08 13:24:40',NULL,9),
(156,6,85,'2026-06-08 13:24:40','2026-06-08 13:24:40','2026-06-08 13:24:40',NULL,9),
(157,6,86,'2026-06-08 13:24:40','2026-06-08 13:24:40','2026-06-08 13:24:40',NULL,9),
(158,6,87,'2026-06-08 13:24:40','2026-06-08 13:24:40','2026-06-08 13:24:40',NULL,9),
(159,6,88,'2026-06-08 13:24:40','2026-06-08 13:24:40','2026-06-08 13:24:40',NULL,9),
(160,6,89,'2026-06-08 13:24:40','2026-06-08 13:24:40','2026-06-08 13:24:40',NULL,9),
(161,6,90,'2026-06-08 13:24:40','2026-06-08 13:24:40','2026-06-08 13:24:40',NULL,9),
(162,6,91,'2026-06-08 13:24:40','2026-06-08 13:24:40','2026-06-08 13:24:40',NULL,9),
(163,6,92,'2026-06-08 13:24:40','2026-06-08 13:24:40','2026-06-08 13:24:40',NULL,9),
(164,6,93,'2026-06-08 13:24:40','2026-06-08 13:24:40','2026-06-08 13:24:40',NULL,9),
(165,6,94,'2026-06-08 13:24:40','2026-06-08 13:24:40','2026-06-08 13:24:40',NULL,9),
(166,6,95,'2026-06-08 13:24:40','2026-06-08 13:24:40','2026-06-08 13:24:40',NULL,9),
(167,6,96,'2026-06-08 13:24:40','2026-06-08 13:24:40','2026-06-08 13:24:40',NULL,9),
(168,6,97,'2026-06-08 13:24:40','2026-06-08 13:24:40','2026-06-08 13:24:40',NULL,9),
(169,6,98,'2026-06-08 13:24:40','2026-06-08 13:24:40','2026-06-08 13:24:40',NULL,9),
(170,6,99,'2026-06-08 13:24:40','2026-06-08 13:24:40','2026-06-08 13:24:40',NULL,9),
(171,6,100,'2026-06-08 13:24:40','2026-06-08 13:24:40','2026-06-08 13:24:40',NULL,9),
(172,6,101,'2026-06-08 13:24:40','2026-06-08 13:24:40','2026-06-08 13:24:40',NULL,9),
(173,6,102,'2026-06-08 13:24:40','2026-06-08 13:24:40','2026-06-08 13:24:40',NULL,9),
(174,6,103,'2026-06-08 13:24:40','2026-06-08 13:24:40','2026-06-08 13:24:40',NULL,9),
(175,6,104,'2026-06-08 13:24:40','2026-06-08 13:24:40','2026-06-08 13:24:40',NULL,9),
(176,6,105,'2026-06-08 13:24:40','2026-06-08 13:24:40','2026-06-08 13:24:40',NULL,9),
(177,6,106,'2026-06-08 13:24:40','2026-06-08 13:24:40','2026-06-08 13:24:40',NULL,9),
(178,6,107,'2026-06-08 13:24:40','2026-06-08 13:24:40','2026-06-08 13:24:40',NULL,9),
(179,6,108,'2026-06-08 13:24:40','2026-06-08 13:24:40','2026-06-08 13:24:40',NULL,9),
(180,6,109,'2026-06-08 13:24:40','2026-06-08 13:24:40','2026-06-08 13:24:40',NULL,9),
(181,6,110,'2026-06-08 13:24:40','2026-06-08 13:24:40','2026-06-08 13:24:40',NULL,9),
(182,6,111,'2026-06-08 13:24:40','2026-06-08 13:24:40','2026-06-08 13:24:40',NULL,9),
(183,6,112,'2026-06-08 13:24:40','2026-06-08 13:24:40','2026-06-08 13:24:40',NULL,9),
(184,6,113,'2026-06-08 13:24:40','2026-06-08 13:24:40','2026-06-08 13:24:40',NULL,9),
(185,6,114,'2026-06-08 13:24:40','2026-06-08 13:24:40','2026-06-08 13:24:40',NULL,9),
(186,6,115,'2026-06-08 13:24:40','2026-06-08 13:24:40','2026-06-08 13:24:40',NULL,9),
(187,6,116,'2026-06-08 13:24:40','2026-06-08 13:24:40','2026-06-08 13:24:40',NULL,9),
(188,6,117,'2026-06-08 13:24:40','2026-06-08 13:24:40','2026-06-08 13:24:40',NULL,9),
(189,6,118,'2026-06-08 13:24:40','2026-06-08 13:24:40','2026-06-08 13:24:40',NULL,9),
(190,6,119,'2026-06-08 13:24:40','2026-06-08 13:24:40','2026-06-08 13:24:40',NULL,9),
(191,6,121,'2026-06-08 13:24:40','2026-06-08 13:24:40','2026-06-08 13:24:40',NULL,9),
(192,6,122,'2026-06-08 13:24:40','2026-06-08 13:24:40','2026-06-08 13:24:40',NULL,9),
(193,6,123,'2026-06-08 13:24:40','2026-06-08 13:24:40','2026-06-08 13:24:40',NULL,9),
(194,6,124,'2026-06-08 13:24:40','2026-06-08 13:24:40','2026-06-08 13:24:40',NULL,9),
(195,6,125,'2026-06-08 13:24:40','2026-06-08 13:24:40','2026-06-08 13:24:40',NULL,9),
(196,6,126,'2026-06-08 13:24:40','2026-06-08 13:24:40','2026-06-08 13:24:40',NULL,9),
(197,6,127,'2026-06-08 13:24:40','2026-06-08 13:24:40','2026-06-08 13:24:40',NULL,9),
(198,6,128,'2026-06-08 13:24:40','2026-06-08 13:24:40','2026-06-08 13:24:40',NULL,9),
(199,6,129,'2026-06-08 13:24:40','2026-06-08 13:24:40','2026-06-08 13:24:40',NULL,9),
(200,6,130,'2026-06-08 13:24:40','2026-06-08 13:24:40','2026-06-08 13:24:40',NULL,9),
(201,6,131,'2026-06-08 13:24:40','2026-06-08 13:24:40','2026-06-08 13:24:40',NULL,9),
(202,6,132,'2026-06-08 13:24:40','2026-06-08 13:24:40','2026-06-08 13:24:40',NULL,9),
(203,6,133,'2026-06-08 13:24:40','2026-06-08 13:24:40','2026-06-08 13:24:40',NULL,9),
(205,5,124,'2026-06-08 13:24:40','2026-06-08 13:24:40','2026-06-08 13:24:40',NULL,9),
(206,5,123,'2026-06-08 13:24:40','2026-06-08 13:24:40','2026-06-08 13:24:40',NULL,9),
(207,5,128,'2026-06-08 13:24:40','2026-06-08 13:24:40','2026-06-08 13:24:40',NULL,9),
(208,5,127,'2026-06-08 13:24:40','2026-06-08 13:24:40','2026-06-08 13:24:40',NULL,9),
(209,5,130,'2026-06-08 13:24:40','2026-06-08 13:24:40','2026-06-08 13:24:40',NULL,9),
(212,3,128,'2026-06-08 13:24:40','2026-06-08 13:24:40','2026-06-08 13:24:40',NULL,9),
(213,3,122,'2026-06-08 13:24:40','2026-06-08 13:24:40','2026-06-08 13:24:40',NULL,9),
(215,2,125,'2026-06-08 13:24:40','2026-06-08 13:24:40','2026-06-08 13:24:40',NULL,9),
(216,1,141,'2026-06-08 13:24:40','2026-06-08 13:24:40','2026-06-08 13:24:40',NULL,9),
(217,6,141,'2026-06-08 13:24:40','2026-06-08 13:24:40','2026-06-08 13:24:40',NULL,9),
(218,1,164,'2026-06-08 13:24:40','2026-06-08 13:24:40','2026-06-08 13:24:40',NULL,9),
(219,6,164,'2026-06-08 13:24:40','2026-06-08 13:24:40','2026-06-08 13:24:40',NULL,9),
(220,1,143,'2026-06-08 13:24:40','2026-06-08 13:24:40','2026-06-08 13:24:40',NULL,9),
(221,6,143,'2026-06-08 13:24:40','2026-06-08 13:24:40','2026-06-08 13:24:40',NULL,9),
(222,1,189,'2026-06-08 13:24:40','2026-06-08 13:24:40','2026-06-08 13:24:40',NULL,9),
(223,6,189,'2026-06-08 13:24:40','2026-06-08 13:24:40','2026-06-08 13:24:40',NULL,9),
(224,1,166,'2026-06-08 13:24:40','2026-06-08 13:24:40','2026-06-08 13:24:40',NULL,9),
(225,6,166,'2026-06-08 13:24:40','2026-06-08 13:24:40','2026-06-08 13:24:40',NULL,9),
(226,1,156,'2026-06-08 13:24:40','2026-06-08 13:24:40','2026-06-08 13:24:40',NULL,9),
(227,6,156,'2026-06-08 13:24:40','2026-06-08 13:24:40','2026-06-08 13:24:40',NULL,9),
(228,1,146,'2026-06-08 13:24:40','2026-06-08 13:24:40','2026-06-08 13:24:40',NULL,9),
(229,6,146,'2026-06-08 13:24:40','2026-06-08 13:24:40','2026-06-08 13:24:40',NULL,9),
(230,1,180,'2026-06-08 13:24:40','2026-06-08 13:24:40','2026-06-08 13:24:40',NULL,9),
(231,6,180,'2026-06-08 13:24:40','2026-06-08 13:24:40','2026-06-08 13:24:40',NULL,9),
(232,1,174,'2026-06-08 13:24:40','2026-06-08 13:24:40','2026-06-08 13:24:40',NULL,9),
(233,6,174,'2026-06-08 13:24:40','2026-06-08 13:24:40','2026-06-08 13:24:40',NULL,9),
(234,1,147,'2026-06-08 13:24:40','2026-06-08 13:24:40','2026-06-08 13:24:40',NULL,9),
(235,6,147,'2026-06-08 13:24:40','2026-06-08 13:24:40','2026-06-08 13:24:40',NULL,9),
(236,1,145,'2026-06-08 13:24:40','2026-06-08 13:24:40','2026-06-08 13:24:40',NULL,9),
(237,6,145,'2026-06-08 13:24:40','2026-06-08 13:24:40','2026-06-08 13:24:40',NULL,9),
(238,1,137,'2026-06-08 13:24:40','2026-06-08 13:24:40','2026-06-08 13:24:40',NULL,9),
(239,6,137,'2026-06-08 13:24:40','2026-06-08 13:24:40','2026-06-08 13:24:40',NULL,9),
(240,1,195,'2026-06-08 13:24:40','2026-06-08 13:24:40','2026-06-08 13:24:40',NULL,9),
(241,6,195,'2026-06-08 13:24:40','2026-06-08 13:24:40','2026-06-08 13:24:40',NULL,9),
(242,1,155,'2026-06-08 13:24:40','2026-06-08 13:24:40','2026-06-08 13:24:40',NULL,9),
(243,6,155,'2026-06-08 13:24:40','2026-06-08 13:24:40','2026-06-08 13:24:40',NULL,9),
(244,1,167,'2026-06-08 13:24:40','2026-06-08 13:24:40','2026-06-08 13:24:40',NULL,9),
(245,6,167,'2026-06-08 13:24:40','2026-06-08 13:24:40','2026-06-08 13:24:40',NULL,9),
(246,1,185,'2026-06-08 13:24:40','2026-06-08 13:24:40','2026-06-08 13:24:40',NULL,9),
(247,6,185,'2026-06-08 13:24:40','2026-06-08 13:24:40','2026-06-08 13:24:40',NULL,9),
(248,1,169,'2026-06-08 13:24:40','2026-06-08 13:24:40','2026-06-08 13:24:40',NULL,9),
(249,6,169,'2026-06-08 13:24:40','2026-06-08 13:24:40','2026-06-08 13:24:40',NULL,9),
(250,1,140,'2026-06-08 13:24:40','2026-06-08 13:24:40','2026-06-08 13:24:40',NULL,9),
(251,6,140,'2026-06-08 13:24:40','2026-06-08 13:24:40','2026-06-08 13:24:40',NULL,9),
(252,1,142,'2026-06-08 13:24:40','2026-06-08 13:24:40','2026-06-08 13:24:40',NULL,9),
(253,6,142,'2026-06-08 13:24:40','2026-06-08 13:24:40','2026-06-08 13:24:40',NULL,9),
(254,1,175,'2026-06-08 13:24:40','2026-06-08 13:24:40','2026-06-08 13:24:40',NULL,9),
(255,6,175,'2026-06-08 13:24:40','2026-06-08 13:24:40','2026-06-08 13:24:40',NULL,9),
(256,1,176,'2026-06-08 13:24:40','2026-06-08 13:24:40','2026-06-08 13:24:40',NULL,9),
(257,6,176,'2026-06-08 13:24:40','2026-06-08 13:24:40','2026-06-08 13:24:40',NULL,9),
(258,1,134,'2026-06-08 13:24:40','2026-06-08 13:24:40','2026-06-08 13:24:40',NULL,9),
(259,6,134,'2026-06-08 13:24:40','2026-06-08 13:24:40','2026-06-08 13:24:40',NULL,9),
(260,1,170,'2026-06-08 13:24:40','2026-06-08 13:24:40','2026-06-08 13:24:40',NULL,9),
(261,6,170,'2026-06-08 13:24:40','2026-06-08 13:24:40','2026-06-08 13:24:40',NULL,9),
(262,1,171,'2026-06-08 13:24:40','2026-06-08 13:24:40','2026-06-08 13:24:40',NULL,9),
(263,6,171,'2026-06-08 13:24:40','2026-06-08 13:24:40','2026-06-08 13:24:40',NULL,9),
(264,1,163,'2026-06-08 13:24:40','2026-06-08 13:24:40','2026-06-08 13:24:40',NULL,9),
(265,6,163,'2026-06-08 13:24:40','2026-06-08 13:24:40','2026-06-08 13:24:40',NULL,9),
(266,1,182,'2026-06-08 13:24:40','2026-06-08 13:24:40','2026-06-08 13:24:40',NULL,9),
(267,6,182,'2026-06-08 13:24:40','2026-06-08 13:24:40','2026-06-08 13:24:40',NULL,9),
(268,1,152,'2026-06-08 13:24:40','2026-06-08 13:24:40','2026-06-08 13:24:40',NULL,9),
(269,6,152,'2026-06-08 13:24:40','2026-06-08 13:24:40','2026-06-08 13:24:40',NULL,9),
(270,1,173,'2026-06-08 13:24:40','2026-06-08 13:24:40','2026-06-08 13:24:40',NULL,9),
(271,6,173,'2026-06-08 13:24:40','2026-06-08 13:24:40','2026-06-08 13:24:40',NULL,9),
(272,1,179,'2026-06-08 13:24:40','2026-06-08 13:24:40','2026-06-08 13:24:40',NULL,9),
(273,6,179,'2026-06-08 13:24:40','2026-06-08 13:24:40','2026-06-08 13:24:40',NULL,9),
(274,1,136,'2026-06-08 13:24:40','2026-06-08 13:24:40','2026-06-08 13:24:40',NULL,9),
(275,6,136,'2026-06-08 13:24:40','2026-06-08 13:24:40','2026-06-08 13:24:40',NULL,9),
(276,1,135,'2026-06-08 13:24:40','2026-06-08 13:24:40','2026-06-08 13:24:40',NULL,9),
(277,6,135,'2026-06-08 13:24:40','2026-06-08 13:24:40','2026-06-08 13:24:40',NULL,9),
(278,1,188,'2026-06-08 13:24:40','2026-06-08 13:24:40','2026-06-08 13:24:40',NULL,9),
(279,6,188,'2026-06-08 13:24:40','2026-06-08 13:24:40','2026-06-08 13:24:40',NULL,9),
(280,1,148,'2026-06-08 13:24:40','2026-06-08 13:24:40','2026-06-08 13:24:40',NULL,9),
(281,6,148,'2026-06-08 13:24:40','2026-06-08 13:24:40','2026-06-08 13:24:40',NULL,9),
(282,1,196,'2026-06-08 13:24:40','2026-06-08 13:24:40','2026-06-08 13:24:40',NULL,9),
(283,6,196,'2026-06-08 13:24:40','2026-06-08 13:24:40','2026-06-08 13:24:40',NULL,9),
(284,1,151,'2026-06-08 13:24:40','2026-06-08 13:24:40','2026-06-08 13:24:40',NULL,9),
(285,6,151,'2026-06-08 13:24:40','2026-06-08 13:24:40','2026-06-08 13:24:40',NULL,9),
(286,1,154,'2026-06-08 13:24:40','2026-06-08 13:24:40','2026-06-08 13:24:40',NULL,9),
(287,6,154,'2026-06-08 13:24:40','2026-06-08 13:24:40','2026-06-08 13:24:40',NULL,9),
(288,1,149,'2026-06-08 13:24:40','2026-06-08 13:24:40','2026-06-08 13:24:40',NULL,9),
(289,6,149,'2026-06-08 13:24:40','2026-06-08 13:24:40','2026-06-08 13:24:40',NULL,9),
(290,1,181,'2026-06-08 13:24:40','2026-06-08 13:24:40','2026-06-08 13:24:40',NULL,9),
(291,6,181,'2026-06-08 13:24:40','2026-06-08 13:24:40','2026-06-08 13:24:40',NULL,9),
(292,1,139,'2026-06-08 13:24:40','2026-06-08 13:24:40','2026-06-08 13:24:40',NULL,9),
(293,6,139,'2026-06-08 13:24:40','2026-06-08 13:24:40','2026-06-08 13:24:40',NULL,9),
(294,1,144,'2026-06-08 13:24:40','2026-06-08 13:24:40','2026-06-08 13:24:40',NULL,9),
(295,6,144,'2026-06-08 13:24:40','2026-06-08 13:24:40','2026-06-08 13:24:40',NULL,9),
(296,1,158,'2026-06-08 13:24:40','2026-06-08 13:24:40','2026-06-08 13:24:40',NULL,9),
(297,6,158,'2026-06-08 13:24:40','2026-06-08 13:24:40','2026-06-08 13:24:40',NULL,9),
(298,1,168,'2026-06-08 13:24:40','2026-06-08 13:24:40','2026-06-08 13:24:40',NULL,9),
(299,6,168,'2026-06-08 13:24:40','2026-06-08 13:24:40','2026-06-08 13:24:40',NULL,9),
(300,1,193,'2026-06-08 13:24:40','2026-06-08 13:24:40','2026-06-08 13:24:40',NULL,9),
(301,6,193,'2026-06-08 13:24:40','2026-06-08 13:24:40','2026-06-08 13:24:40',NULL,9),
(302,1,177,'2026-06-08 13:24:40','2026-06-08 13:24:40','2026-06-08 13:24:40',NULL,9),
(303,6,177,'2026-06-08 13:24:40','2026-06-08 13:24:40','2026-06-08 13:24:40',NULL,9),
(304,1,138,'2026-06-08 13:24:40','2026-06-08 13:24:40','2026-06-08 13:24:40',NULL,9),
(305,6,138,'2026-06-08 13:24:40','2026-06-08 13:24:40','2026-06-08 13:24:40',NULL,9),
(306,1,172,'2026-06-08 13:24:40','2026-06-08 13:24:40','2026-06-08 13:24:40',NULL,9),
(307,6,172,'2026-06-08 13:24:40','2026-06-08 13:24:40','2026-06-08 13:24:40',NULL,9),
(308,1,150,'2026-06-08 13:24:40','2026-06-08 13:24:40','2026-06-08 13:24:40',NULL,9),
(309,6,150,'2026-06-08 13:24:40','2026-06-08 13:24:40','2026-06-08 13:24:40',NULL,9),
(310,1,157,'2026-06-08 13:24:40','2026-06-08 13:24:40','2026-06-08 13:24:40',NULL,9),
(311,6,157,'2026-06-08 13:24:40','2026-06-08 13:24:40','2026-06-08 13:24:40',NULL,9),
(312,1,162,'2026-06-08 13:24:40','2026-06-08 13:24:40','2026-06-08 13:24:40',NULL,9),
(313,6,162,'2026-06-08 13:24:40','2026-06-08 13:24:40','2026-06-08 13:24:40',NULL,9),
(314,1,161,'2026-06-08 13:24:40','2026-06-08 13:24:40','2026-06-08 13:24:40',NULL,9),
(315,6,161,'2026-06-08 13:24:40','2026-06-08 13:24:40','2026-06-08 13:24:40',NULL,9),
(316,1,159,'2026-06-08 13:24:40','2026-06-08 13:24:40','2026-06-08 13:24:40',NULL,9),
(317,6,159,'2026-06-08 13:24:40','2026-06-08 13:24:40','2026-06-08 13:24:40',NULL,9),
(318,1,165,'2026-06-08 13:24:40','2026-06-08 13:24:40','2026-06-08 13:24:40',NULL,9),
(319,6,165,'2026-06-08 13:24:40','2026-06-08 13:24:40','2026-06-08 13:24:40',NULL,9),
(320,1,160,'2026-06-08 13:24:40','2026-06-08 13:24:40','2026-06-08 13:24:40',NULL,9),
(321,6,160,'2026-06-08 13:24:40','2026-06-08 13:24:40','2026-06-08 13:24:40',NULL,9),
(322,1,191,'2026-06-08 13:24:40','2026-06-08 13:24:40','2026-06-08 13:24:40',NULL,9),
(323,6,191,'2026-06-08 13:24:40','2026-06-08 13:24:40','2026-06-08 13:24:40',NULL,9),
(324,1,183,'2026-06-08 13:24:40','2026-06-08 13:24:40','2026-06-08 13:24:40',NULL,9),
(325,6,183,'2026-06-08 13:24:40','2026-06-08 13:24:40','2026-06-08 13:24:40',NULL,9),
(326,1,190,'2026-06-08 13:24:40','2026-06-08 13:24:40','2026-06-08 13:24:40',NULL,9),
(327,6,190,'2026-06-08 13:24:40','2026-06-08 13:24:40','2026-06-08 13:24:40',NULL,9),
(328,1,186,'2026-06-08 13:24:40','2026-06-08 13:24:40','2026-06-08 13:24:40',NULL,9),
(329,6,186,'2026-06-08 13:24:40','2026-06-08 13:24:40','2026-06-08 13:24:40',NULL,9),
(330,1,187,'2026-06-08 13:24:40','2026-06-08 13:24:40','2026-06-08 13:24:40',NULL,9),
(331,6,187,'2026-06-08 13:24:40','2026-06-08 13:24:40','2026-06-08 13:24:40',NULL,9),
(332,1,178,'2026-06-08 13:24:40','2026-06-08 13:24:40','2026-06-08 13:24:40',NULL,9),
(333,6,178,'2026-06-08 13:24:40','2026-06-08 13:24:40','2026-06-08 13:24:40',NULL,9),
(334,1,153,'2026-06-08 13:24:40','2026-06-08 13:24:40','2026-06-08 13:24:40',NULL,9),
(335,6,153,'2026-06-08 13:24:40','2026-06-08 13:24:40','2026-06-08 13:24:40',NULL,9),
(336,1,192,'2026-06-08 13:24:40','2026-06-08 13:24:40','2026-06-08 13:24:40',NULL,9),
(337,6,192,'2026-06-08 13:24:40','2026-06-08 13:24:40','2026-06-08 13:24:40',NULL,9),
(338,1,184,'2026-06-08 13:24:40','2026-06-08 13:24:40','2026-06-08 13:24:40',NULL,9),
(339,6,184,'2026-06-08 13:24:40','2026-06-08 13:24:40','2026-06-08 13:24:40',NULL,9),
(340,1,194,'2026-06-08 13:24:40','2026-06-08 13:24:40','2026-06-08 13:24:40',NULL,9),
(341,6,194,'2026-06-08 13:24:40','2026-06-08 13:24:40','2026-06-08 13:24:40',NULL,9),
(343,3,137,'2026-06-08 13:24:40','2026-06-08 13:24:40','2026-06-08 13:24:40',NULL,9),
(344,3,169,'2026-06-08 13:24:40','2026-06-08 13:24:40','2026-06-08 13:24:40',NULL,9),
(345,3,134,'2026-06-08 13:24:40','2026-06-08 13:24:40','2026-06-08 13:24:40',NULL,9),
(346,3,136,'2026-06-08 13:24:40','2026-06-08 13:24:40','2026-06-08 13:24:40',NULL,9),
(347,3,168,'2026-06-08 13:24:40','2026-06-08 13:24:40','2026-06-08 13:24:40',NULL,9),
(348,3,138,'2026-06-08 13:24:40','2026-06-08 13:24:40','2026-06-08 13:24:40',NULL,9),
(350,5,141,'2026-06-08 13:24:40','2026-06-08 13:24:40','2026-06-08 13:24:40',NULL,9),
(351,5,146,'2026-06-08 13:24:40','2026-06-08 13:24:40','2026-06-08 13:24:40',NULL,9),
(352,5,180,'2026-06-08 13:24:40','2026-06-08 13:24:40','2026-06-08 13:24:40',NULL,9),
(353,5,147,'2026-06-08 13:24:40','2026-06-08 13:24:40','2026-06-08 13:24:40',NULL,9),
(354,5,145,'2026-06-08 13:24:40','2026-06-08 13:24:40','2026-06-08 13:24:40',NULL,9),
(355,5,167,'2026-06-08 13:24:40','2026-06-08 13:24:40','2026-06-08 13:24:40',NULL,9),
(356,5,169,'2026-06-08 13:24:40','2026-06-08 13:24:40','2026-06-08 13:24:40',NULL,9),
(357,5,140,'2026-06-08 13:24:40','2026-06-08 13:24:40','2026-06-08 13:24:40',NULL,9),
(358,5,142,'2026-06-08 13:24:40','2026-06-08 13:24:40','2026-06-08 13:24:40',NULL,9),
(359,5,176,'2026-06-08 13:24:40','2026-06-08 13:24:40','2026-06-08 13:24:40',NULL,9),
(360,5,134,'2026-06-08 13:24:40','2026-06-08 13:24:40','2026-06-08 13:24:40',NULL,9),
(361,5,148,'2026-06-08 13:24:40','2026-06-08 13:24:40','2026-06-08 13:24:40',NULL,9),
(362,5,181,'2026-06-08 13:24:40','2026-06-08 13:24:40','2026-06-08 13:24:40',NULL,9),
(363,5,168,'2026-06-08 13:24:40','2026-06-08 13:24:40','2026-06-08 13:24:40',NULL,9),
(364,5,177,'2026-06-08 13:24:40','2026-06-08 13:24:40','2026-06-08 13:24:40',NULL,9),
(365,2,156,'2026-06-08 13:24:40','2026-06-08 13:24:40','2026-06-08 13:24:40',NULL,9),
(366,2,155,'2026-06-08 13:24:40','2026-06-08 13:24:40','2026-06-08 13:24:40',NULL,9),
(367,2,134,'2026-06-08 13:24:40','2026-06-08 13:24:40','2026-06-08 13:24:40',NULL,9),
(368,2,152,'2026-06-08 13:24:40','2026-06-08 13:24:40','2026-06-08 13:24:40',NULL,9),
(369,2,179,'2026-06-08 13:24:40','2026-06-08 13:24:40','2026-06-08 13:24:40',NULL,9),
(370,2,151,'2026-06-08 13:24:40','2026-06-08 13:24:40','2026-06-08 13:24:40',NULL,9),
(371,2,149,'2026-06-08 13:24:40','2026-06-08 13:24:40','2026-06-08 13:24:40',NULL,9),
(372,2,150,'2026-06-08 13:24:40','2026-06-08 13:24:40','2026-06-08 13:24:40',NULL,9),
(373,2,153,'2026-06-08 13:24:40','2026-06-08 13:24:40','2026-06-08 13:24:40',NULL,9),
(380,4,134,'2026-06-08 13:24:40','2026-06-08 13:24:40','2026-06-08 13:24:40',NULL,9),
(381,1,67,'2026-06-08 13:24:40','2026-06-08 13:24:40','2026-06-08 13:24:40',NULL,9),
(382,1,66,'2026-06-08 13:24:40','2026-06-08 13:24:40','2026-06-08 13:24:40',NULL,9),
(383,1,68,'2026-06-08 13:24:40','2026-06-08 13:24:40','2026-06-08 13:24:40',NULL,9),
(384,1,64,'2026-06-08 13:24:40','2026-06-08 13:24:40','2026-06-08 13:24:40',NULL,9),
(385,1,65,'2026-06-08 13:24:40','2026-06-08 13:24:40','2026-06-08 13:24:40',NULL,9),
(388,2,194,'2026-06-08 13:24:40','2026-06-08 13:24:40','2026-06-08 13:24:40',NULL,9),
(389,2,66,'2026-06-08 13:24:40','2026-06-08 13:24:40','2026-06-08 13:24:40',NULL,9),
(390,2,68,'2026-06-08 13:24:40','2026-06-08 13:24:40','2026-06-08 13:24:40',NULL,9),
(391,2,64,'2026-06-08 13:24:40','2026-06-08 13:24:40','2026-06-08 13:24:40',NULL,9),
(392,2,65,'2026-06-08 13:24:40','2026-06-08 13:24:40','2026-06-08 13:24:40',NULL,9),
(395,1,33,'2026-06-08 13:24:40','2026-06-08 13:24:40','2026-06-08 13:24:40',NULL,9),
(398,5,196,'2026-06-08 13:24:40','2026-06-08 13:24:40','2026-06-08 13:24:40',NULL,9),
(399,1,31,'2026-06-08 13:24:40','2026-06-08 13:24:40','2026-06-08 13:24:40',NULL,9),
(400,5,198,'2026-06-08 13:24:40','2026-06-08 13:24:40','2026-06-08 13:24:40',NULL,9),
(401,1,198,'2026-06-08 13:24:40','2026-06-08 13:24:40','2026-06-08 13:24:40',NULL,9),
(402,6,198,'2026-06-08 13:24:40','2026-06-08 13:24:40','2026-06-08 13:24:40',NULL,9),
(403,1,30,'2026-06-08 13:24:40','2026-06-08 13:24:40','2026-06-08 13:24:40',NULL,9),
(405,1,200,'2026-06-08 13:24:40','2026-06-08 13:24:40','2026-06-08 13:24:40',NULL,9),
(406,6,200,'2026-06-08 13:24:40','2026-06-08 13:24:40','2026-06-08 13:24:40',NULL,9),
(407,1,201,'2026-06-08 13:24:40','2026-06-08 13:24:40','2026-06-08 13:24:40',NULL,9),
(408,6,201,'2026-06-08 13:24:40','2026-06-08 13:24:40','2026-06-08 13:24:40',NULL,9),
(409,1,199,'2026-06-08 13:24:40','2026-06-08 13:24:40','2026-06-08 13:24:40',NULL,9),
(410,6,199,'2026-06-08 13:24:40','2026-06-08 13:24:40','2026-06-08 13:24:40',NULL,9),
(412,1,205,'2026-06-08 13:24:40','2026-06-08 13:24:40','2026-06-08 13:24:40',NULL,9),
(413,6,205,'2026-06-08 13:24:40','2026-06-08 13:24:40','2026-06-08 13:24:40',NULL,9),
(414,1,203,'2026-06-08 13:24:40','2026-06-08 13:24:40','2026-06-08 13:24:40',NULL,9),
(415,6,203,'2026-06-08 13:24:40','2026-06-08 13:24:40','2026-06-08 13:24:40',NULL,9),
(416,1,204,'2026-06-08 13:24:40','2026-06-08 13:24:40','2026-06-08 13:24:40',NULL,9),
(417,6,204,'2026-06-08 13:24:40','2026-06-08 13:24:40','2026-06-08 13:24:40',NULL,9),
(418,1,202,'2026-06-08 13:24:40','2026-06-08 13:24:40','2026-06-08 13:24:40',NULL,9),
(419,6,202,'2026-06-08 13:24:40','2026-06-08 13:24:40','2026-06-08 13:24:40',NULL,9),
(427,1,209,'2026-06-08 13:24:41','2026-06-08 13:24:41','2026-06-08 13:24:41',NULL,9),
(428,6,209,'2026-06-08 13:24:41','2026-06-08 13:24:41','2026-06-08 13:24:41',NULL,9),
(429,1,207,'2026-06-08 13:24:41','2026-06-08 13:24:41','2026-06-08 13:24:41',NULL,9),
(430,6,207,'2026-06-08 13:24:41','2026-06-08 13:24:41','2026-06-08 13:24:41',NULL,9),
(431,1,206,'2026-06-08 13:24:41','2026-06-08 13:24:41','2026-06-08 13:24:41',NULL,9),
(432,6,206,'2026-06-08 13:24:41','2026-06-08 13:24:41','2026-06-08 13:24:41',NULL,9),
(433,1,208,'2026-06-08 13:24:41','2026-06-08 13:24:41','2026-06-08 13:24:41',NULL,9),
(434,6,208,'2026-06-08 13:24:41','2026-06-08 13:24:41','2026-06-08 13:24:41',NULL,9),
(442,1,214,'2026-06-08 13:24:41','2026-06-08 13:24:41','2026-06-08 13:24:41',NULL,9),
(443,1,215,'2026-06-08 13:24:41','2026-06-08 13:24:41','2026-06-08 13:24:41',NULL,9),
(444,6,214,'2026-06-08 13:24:41','2026-06-08 13:24:41','2026-06-08 13:24:41',NULL,9),
(445,6,215,'2026-06-08 13:24:41','2026-06-08 13:24:41','2026-06-08 13:24:41',NULL,9),
(449,1,216,'2026-06-08 13:24:41','2026-06-08 13:24:41','2026-06-08 13:24:41',NULL,9),
(450,6,216,'2026-06-08 13:24:41','2026-06-08 13:24:41','2026-06-08 13:24:41',NULL,9),
(451,1,217,'2026-06-08 13:24:41','2026-06-08 13:24:41','2026-06-08 13:24:41',NULL,9),
(452,6,217,'2026-06-08 13:24:41','2026-06-08 13:24:41','2026-06-08 13:24:41',NULL,9),
(457,1,218,'2026-06-08 13:24:42','2026-06-08 13:24:42','2026-06-08 13:24:42',NULL,9),
(458,6,218,'2026-06-08 13:24:42','2026-06-08 13:24:42','2026-06-08 13:24:42',NULL,9),
(461,1,220,'2026-06-08 13:24:42','2026-06-08 13:24:42','2026-06-08 13:24:42',NULL,9),
(462,6,220,'2026-06-08 13:24:42','2026-06-08 13:24:42','2026-06-08 13:24:42',NULL,9),
(465,1,227,'2026-06-08 13:24:42','2026-06-08 13:24:42','2026-06-08 13:24:42',NULL,9),
(466,6,227,'2026-06-08 13:24:42','2026-06-08 13:24:42','2026-06-08 13:24:42',NULL,9),
(467,1,225,'2026-06-08 13:24:42','2026-06-08 13:24:42','2026-06-08 13:24:42',NULL,9),
(468,6,225,'2026-06-08 13:24:42','2026-06-08 13:24:42','2026-06-08 13:24:42',NULL,9),
(469,1,226,'2026-06-08 13:24:42','2026-06-08 13:24:42','2026-06-08 13:24:42',NULL,9),
(470,6,226,'2026-06-08 13:24:42','2026-06-08 13:24:42','2026-06-08 13:24:42',NULL,9),
(471,1,221,'2026-06-08 13:24:42','2026-06-08 13:24:42','2026-06-08 13:24:42',NULL,9),
(472,6,221,'2026-06-08 13:24:42','2026-06-08 13:24:42','2026-06-08 13:24:42',NULL,9),
(473,1,222,'2026-06-08 13:24:42','2026-06-08 13:24:42','2026-06-08 13:24:42',NULL,9),
(474,6,222,'2026-06-08 13:24:42','2026-06-08 13:24:42','2026-06-08 13:24:42',NULL,9),
(475,1,228,'2026-06-08 13:24:42','2026-06-08 13:24:42','2026-06-08 13:24:42',NULL,9),
(476,6,228,'2026-06-08 13:24:42','2026-06-08 13:24:42','2026-06-08 13:24:42',NULL,9),
(477,1,229,'2026-06-08 13:24:42','2026-06-08 13:24:42','2026-06-08 13:24:42',NULL,9),
(478,6,229,'2026-06-08 13:24:42','2026-06-08 13:24:42','2026-06-08 13:24:42',NULL,9),
(479,1,223,'2026-06-08 13:24:42','2026-06-08 13:24:42','2026-06-08 13:24:42',NULL,9),
(480,6,223,'2026-06-08 13:24:42','2026-06-08 13:24:42','2026-06-08 13:24:42',NULL,9),
(481,1,224,'2026-06-08 13:24:42','2026-06-08 13:24:42','2026-06-08 13:24:42',NULL,9),
(482,6,224,'2026-06-08 13:24:42','2026-06-08 13:24:42','2026-06-08 13:24:42',NULL,9),
(497,5,215,'2026-06-08 13:24:42','2026-06-08 13:24:42','2026-06-08 13:24:42',NULL,9),
(498,5,174,'2026-06-08 13:24:42','2026-06-08 13:24:42','2026-06-08 13:24:42',NULL,9),
(499,5,179,'2026-06-08 13:24:42','2026-06-08 13:24:42','2026-06-08 13:24:42',NULL,9),
(500,5,178,'2026-06-08 13:24:42','2026-06-08 13:24:42','2026-06-08 13:24:42',NULL,9),
(506,1,231,'2026-06-08 13:24:45','2026-06-08 13:24:45','2026-06-08 13:24:45',NULL,9),
(507,6,231,'2026-06-08 13:24:45','2026-06-08 13:24:45','2026-06-08 13:24:45',NULL,9),
(508,1,232,'2026-06-08 13:24:45','2026-06-08 13:24:45','2026-06-08 13:24:45',NULL,9),
(509,6,232,'2026-06-08 13:24:45','2026-06-08 13:24:45','2026-06-08 13:24:45',NULL,9),
(510,1,233,'2026-06-08 13:24:45','2026-06-08 13:24:45','2026-06-08 13:24:45',NULL,9),
(511,6,233,'2026-06-08 13:24:45','2026-06-08 13:24:45','2026-06-08 13:24:45',NULL,9),
(512,1,234,'2026-06-08 13:24:45','2026-06-08 13:24:45','2026-06-08 13:24:45',NULL,9),
(513,6,234,'2026-06-08 13:24:45','2026-06-08 13:24:45','2026-06-08 13:24:45',NULL,9),
(525,1,8,'2026-06-08 13:24:47','2026-06-08 13:24:47','2026-06-08 13:24:47',NULL,1),
(526,2,8,'2026-06-08 13:24:47','2026-06-08 13:24:47','2026-06-08 13:24:47',NULL,1),
(528,1,240,'2026-06-10 12:15:28','2026-06-10 12:15:28','2026-06-10 12:15:28',NULL,9),
(529,6,240,'2026-06-10 12:15:28','2026-06-10 12:15:28','2026-06-10 12:15:28',NULL,9),
(530,1,241,'2026-06-10 12:15:28','2026-06-10 12:15:28','2026-06-10 12:15:28',NULL,9),
(531,6,241,'2026-06-10 12:15:28','2026-06-10 12:15:28','2026-06-10 12:15:28',NULL,9),
(532,1,238,'2026-06-10 12:15:28','2026-06-10 12:15:28','2026-06-10 12:15:28',NULL,9),
(533,6,238,'2026-06-10 12:15:28','2026-06-10 12:15:28','2026-06-10 12:15:28',NULL,9),
(534,1,239,'2026-06-10 12:15:28','2026-06-10 12:15:28','2026-06-10 12:15:28',NULL,9),
(535,6,239,'2026-06-10 12:15:28','2026-06-10 12:15:28','2026-06-10 12:15:28',NULL,9);

/*!40000 ALTER TABLE `role_permissions` ENABLE KEYS */;
UNLOCK TABLES;

LOCK TABLES `users` WRITE;
/*!40000 ALTER TABLE `users` DISABLE KEYS */;
-- Credenciales iniciales (cambiar en produccion):
-- admin             -> admin.demo1
-- contador          -> contador.demo1
-- jefe.bodega       -> jefe.bodega1
-- vendedor.centro   -> vendedor.centro1
-- vendedor.santa.filomena -> vendedor.mall1
-- cajero            -> cajero.demo1
-- consultor         -> consultor.demo1
-- supervisor        -> supervisor.demo1
-- root              -> GCom#R7xP9!v2
INSERT IGNORE INTO `users` (`id`, `username`, `email`, `password_hash`, `secret`, `first_name`, `last_name`, `phone`, `is_active`, `last_login_at`, `last_login_ip`, `password_changed_at`, `created_at`, `updated_at`, `deleted_at`, `petty_cash_limit`, `avatar_media_asset_id`) VALUES
(1,'admin','admin@cecichic.cl','$2b$12$GJwjcMJpY.k3PjB9pwG9mePxRG5FymNnRFOYiZCdDLPbF.9c9CGLm','8690caa47b4d52532f931d7c1e0c5202e619a9dafcedf26f6c5d97275b52c9f1','Carlos','Administrador','+56912345678',1,NULL,NULL,'2026-06-08 13:24:37','2026-06-08 13:24:35','2026-06-08 13:24:40',NULL,NULL,NULL),
(2,'contador','contador@cecichic.cl','$2b$12$A4TxmFH.8ZL2VGt/vBJFIOBuEuUJnhEtl/XSv0Zrff4uj34kotmwC','59901f2b127a2a6d753d643683b35c5952f7d665c31f50ac232d98444b7ef083','María','Contador','+56912345679',1,NULL,NULL,'2026-06-08 13:24:37','2026-06-08 13:24:35','2026-06-08 13:24:40',NULL,100000.00,NULL),
(3,'jefe.bodega','jefe.bodega@cecichic.cl','$2b$12$ZH6CK0cuVAJFRjYv8jX0dOWLKlS0Wjo124wlujPH60lwp1p4wDc42','f6753c0fcd4e798d60a1739d7c88d7ed7f71eaced09d7f014b4351d1aec18e37','Pedro','Jefe Bodega','+56912345680',1,NULL,NULL,'2026-06-08 13:24:37','2026-06-08 13:24:35','2026-06-08 13:24:40',NULL,50000.00,NULL),
(4,'vendedor.centro','vendedor.centro@cecichic.cl','$2b$12$2aWNQuHFExYh4Bca3dL0dO3xv72rWZSBzFQJK2ljLc97tYhBxCx8K','6a50a5531ec2dcaa37fb2c556b9b8bc75ad181f8cb900ca9cbaeeea6747447d4','Ana','Vendedora Centro','+56912345681',1,NULL,NULL,'2026-06-08 13:24:37','2026-06-08 13:24:35','2026-06-08 13:24:40',NULL,30000.00,NULL),
(5,'vendedor.santa.filomena','vendedor.santa.filomena@cecichic.cl','$2b$12$xE4SPV5Y6lGfFCwYkZgNHuQ/3c56InAqWWiTqSggDVgg6KQfcOgBC','d5a8c779360b26f0a5f7ca305cf2199d9459c9e6c04189801ef5bafc9ef528a3','Luis','Vendedor Santa Filomena','+56912345682',1,NULL,NULL,'2026-06-08 13:24:37','2026-06-08 13:24:35','2026-06-08 13:24:40',NULL,30000.00,NULL),
(6,'cajero','cajero@cecichic.cl','$2b$12$XuvsSdw1ZVQKVhBIGePPZuBOHay.Aq58rjvFujHBF4hhdb8CfxwrG','7dd7660253bf2fb1a9c491623302474a1ff992ae716e7ba1fe3aab95ca9b8630','Sofia','Cajera','+56912345683',1,NULL,NULL,'2026-06-08 13:24:37','2026-06-08 13:24:35','2026-06-08 13:24:40',NULL,20000.00,NULL),
(7,'consultor','consultor@cecichic.cl','$2b$12$GS2iDtNwdNoqo1DQvM4ZEufjoDBsLV0UpKs275x0Lz7BWwxc6ATfe','adbb988e41e6271bdf6c36d48ffbd70c7bf2f350a85441d8c77902ba8e0bd7b4','Roberto','Consultor','+56912345684',1,NULL,NULL,'2026-06-08 13:24:38','2026-06-08 13:24:35','2026-06-08 13:24:40',NULL,NULL,NULL),
(8,'supervisor','supervisor@cecichic.cl','$2b$12$tOWtYs1w.c.CM4vBYMTaC.jUPiFo/JqrBjcSQRreJx8G0MEmATI46','cbfe2de25df18ac379ca49c7b01154ebb78553a11dafcf034e4c5db08a004a2f','Carmen','Supervisora','+56912345685',1,NULL,NULL,'2026-06-08 13:24:38','2026-06-08 13:24:35','2026-06-08 13:24:40',NULL,75000.00,NULL),
(9,'root','root@gestioncom.local','$2b$12$7o2dTIA0yj42HCqgN.YmWe4J0NdY4mKYXLsCRm1HOiM4cCHZshX06','656f6853b1995a517fee08fa48a7b035a01d2fb23daea17ff424ad17cea72d44','Root','Super Administrador',NULL,1,'2026-06-08 21:25:41','10.201.1.1','2026-06-08 13:24:40','2026-06-08 13:24:40','2026-06-08 21:25:41',NULL,NULL,NULL);

/*!40000 ALTER TABLE `users` ENABLE KEYS */;
UNLOCK TABLES;

LOCK TABLES `user_roles` WRITE;
/*!40000 ALTER TABLE `user_roles` DISABLE KEYS */;
INSERT IGNORE INTO `user_roles` (`id`, `user_id`, `role_id`, `assigned_at`, `created_at`, `updated_at`, `deleted_at`, `assigned_by_user_id`) VALUES
(1,1,1,'2026-06-08 13:24:35','2026-06-08 13:24:40','2026-06-08 13:24:40',NULL,1),
(2,2,5,'2026-06-08 13:24:35','2026-06-08 13:24:40','2026-06-08 13:24:40',NULL,1),
(3,3,2,'2026-06-08 13:24:35','2026-06-08 13:24:40','2026-06-08 13:24:40',NULL,1),
(4,4,3,'2026-06-08 13:24:35','2026-06-08 13:24:40','2026-06-08 13:24:40',NULL,1),
(5,5,3,'2026-06-08 13:24:35','2026-06-08 13:24:40','2026-06-08 13:24:40',NULL,1),
(6,6,3,'2026-06-08 13:24:35','2026-06-08 13:24:40','2026-06-08 13:24:40',NULL,1),
(7,7,4,'2026-06-08 13:24:35','2026-06-08 13:24:40','2026-06-08 13:24:40',NULL,1),
(8,8,2,'2026-06-08 13:24:35','2026-06-08 13:24:40','2026-06-08 13:24:40',NULL,1),
(9,9,6,'2026-06-08 13:24:40','2026-06-08 13:24:40','2026-06-08 13:24:40',NULL,9);

/*!40000 ALTER TABLE `user_roles` ENABLE KEYS */;
UNLOCK TABLES;

LOCK TABLES `user_permissions` WRITE;
/*!40000 ALTER TABLE `user_permissions` DISABLE KEYS */;
INSERT IGNORE INTO `user_permissions` (`id`, `user_id`, `permission_id`, `permission_type`, `granted_at`, `granted_by_user_id`, `expires_at`, `created_at`, `updated_at`, `deleted_at`) VALUES
(1,2,27,'GRANT','2026-06-08 13:24:35',1,NULL,'2026-06-08 13:24:40','2026-06-08 13:24:42','2026-06-08 13:24:42'),
(2,2,32,'GRANT','2026-06-08 13:24:35',1,NULL,'2026-06-08 13:24:40','2026-06-08 13:24:42','2026-06-08 13:24:42'),
(3,2,31,'GRANT','2026-06-08 13:24:35',1,NULL,'2026-06-08 13:24:40','2026-06-08 13:24:40',NULL),
(4,4,9,'GRANT','2026-06-08 13:24:35',1,NULL,'2026-06-08 13:24:40','2026-06-08 13:24:42','2026-06-08 13:24:42'),
(5,4,10,'GRANT','2026-06-08 13:24:35',1,NULL,'2026-06-08 13:24:40','2026-06-08 13:24:42','2026-06-08 13:24:42'),
(6,5,9,'GRANT','2026-06-08 13:24:35',1,NULL,'2026-06-08 13:24:40','2026-06-08 13:24:42','2026-06-08 13:24:42'),
(7,5,10,'GRANT','2026-06-08 13:24:35',1,NULL,'2026-06-08 13:24:40','2026-06-08 13:24:42','2026-06-08 13:24:42'),
(8,6,25,'GRANT','2026-06-08 13:24:35',1,NULL,'2026-06-08 13:24:40','2026-06-08 13:24:42','2026-06-08 13:24:42'),
(9,6,26,'GRANT','2026-06-08 13:24:35',1,NULL,'2026-06-08 13:24:40','2026-06-08 13:24:42','2026-06-08 13:24:42'),
(10,6,28,'GRANT','2026-06-08 13:24:35',1,NULL,'2026-06-08 13:24:40','2026-06-08 13:24:42','2026-06-08 13:24:42'),
(11,6,29,'GRANT','2026-06-08 13:24:35',1,NULL,'2026-06-08 13:24:40','2026-06-08 13:24:42','2026-06-08 13:24:42'),
(12,8,27,'GRANT','2026-06-08 13:24:35',1,NULL,'2026-06-08 13:24:40','2026-06-08 13:24:42','2026-06-08 13:24:42'),
(13,8,40,'GRANT','2026-06-08 13:24:35',1,NULL,'2026-06-08 13:24:40','2026-06-08 13:24:40',NULL),
(14,8,44,'GRANT','2026-06-08 13:24:35',1,NULL,'2026-06-08 13:24:40','2026-06-08 13:24:40',NULL),
(15,1,67,'GRANT','2026-06-08 13:24:38',1,NULL,'2026-06-08 13:24:40','2026-06-08 13:24:40',NULL),
(16,1,83,'GRANT','2026-06-08 13:24:38',1,NULL,'2026-06-08 13:24:40','2026-06-08 13:24:40',NULL),
(17,1,84,'GRANT','2026-06-08 13:24:38',1,NULL,'2026-06-08 13:24:40','2026-06-08 13:24:40',NULL),
(18,1,85,'GRANT','2026-06-08 13:24:38',1,NULL,'2026-06-08 13:24:40','2026-06-08 13:24:40',NULL),
(19,1,86,'GRANT','2026-06-08 13:24:38',1,NULL,'2026-06-08 13:24:40','2026-06-08 13:24:40',NULL),
(20,1,87,'GRANT','2026-06-08 13:24:38',1,NULL,'2026-06-08 13:24:40','2026-06-08 13:24:40',NULL),
(21,1,88,'GRANT','2026-06-08 13:24:38',1,NULL,'2026-06-08 13:24:40','2026-06-08 13:24:40',NULL),
(22,1,89,'GRANT','2026-06-08 13:24:38',1,NULL,'2026-06-08 13:24:40','2026-06-08 13:24:40',NULL),
(23,1,90,'GRANT','2026-06-08 13:24:38',1,NULL,'2026-06-08 13:24:40','2026-06-08 13:24:40',NULL),
(24,1,91,'GRANT','2026-06-08 13:24:38',1,NULL,'2026-06-08 13:24:40','2026-06-08 13:24:40',NULL),
(25,1,92,'GRANT','2026-06-08 13:24:38',1,NULL,'2026-06-08 13:24:40','2026-06-08 13:24:40',NULL),
(26,1,93,'GRANT','2026-06-08 13:24:38',1,NULL,'2026-06-08 13:24:40','2026-06-08 13:24:40',NULL),
(27,1,94,'GRANT','2026-06-08 13:24:38',1,NULL,'2026-06-08 13:24:40','2026-06-08 13:24:40',NULL),
(28,1,95,'GRANT','2026-06-08 13:24:38',1,NULL,'2026-06-08 13:24:40','2026-06-08 13:24:40',NULL),
(29,1,96,'GRANT','2026-06-08 13:24:38',1,NULL,'2026-06-08 13:24:40','2026-06-08 13:24:40',NULL),
(30,1,97,'GRANT','2026-06-08 13:24:38',1,NULL,'2026-06-08 13:24:40','2026-06-08 13:24:40',NULL),
(31,1,98,'GRANT','2026-06-08 13:24:38',1,NULL,'2026-06-08 13:24:40','2026-06-08 13:24:40',NULL),
(32,1,119,'GRANT','2026-06-08 13:24:40',1,NULL,'2026-06-08 13:24:40','2026-06-08 13:24:40',NULL),
(33,1,118,'GRANT','2026-06-08 13:24:40',1,NULL,'2026-06-08 13:24:40','2026-06-08 13:24:40',NULL),
(35,2,146,'GRANT','2026-06-08 13:24:42',1,NULL,'2026-06-08 13:24:42','2026-06-08 13:24:42',NULL),
(36,2,174,'GRANT','2026-06-08 13:24:42',1,NULL,'2026-06-08 13:24:42','2026-06-08 13:24:42',NULL),
(37,4,153,'GRANT','2026-06-08 13:24:42',1,NULL,'2026-06-08 13:24:42','2026-06-08 13:24:42',NULL),
(38,4,150,'GRANT','2026-06-08 13:24:42',1,NULL,'2026-06-08 13:24:42','2026-06-08 13:24:42',NULL),
(39,5,153,'GRANT','2026-06-08 13:24:42',1,NULL,'2026-06-08 13:24:42','2026-06-08 13:24:42',NULL),
(40,5,150,'GRANT','2026-06-08 13:24:42',1,NULL,'2026-06-08 13:24:42','2026-06-08 13:24:42',NULL),
(41,6,145,'GRANT','2026-06-08 13:24:42',1,NULL,'2026-06-08 13:24:42','2026-06-08 13:24:42',NULL),
(42,6,147,'GRANT','2026-06-08 13:24:42',1,NULL,'2026-06-08 13:24:42','2026-06-08 13:24:42',NULL),
(43,6,148,'GRANT','2026-06-08 13:24:42',1,NULL,'2026-06-08 13:24:42','2026-06-08 13:24:42',NULL),
(44,8,146,'GRANT','2026-06-08 13:24:42',1,NULL,'2026-06-08 13:24:42','2026-06-08 13:24:42',NULL);

/*!40000 ALTER TABLE `user_permissions` ENABLE KEYS */;
UNLOCK TABLES;

LOCK TABLES `system_features` WRITE;
/*!40000 ALTER TABLE `system_features` DISABLE KEYS */;
INSERT IGNORE INTO `system_features` (`id`, `feature_code`, `feature_name`, `feature_description`, `feature_type`, `default_value`, `current_value`, `is_active`, `created_at`, `updated_at`, `updated_by_user_id`) VALUES
(1,'BATCH_CONTROL_GLOBAL','Control de Lotes Global','Activar control de lotes en todo el sistema','BOOLEAN','false','false',1,'2026-06-08 13:24:32','2026-06-08 13:24:32',NULL),
(2,'EXPIRY_DATE_GLOBAL','Fechas de Vencimiento Global','Activar control de fechas de vencimiento','BOOLEAN','false','false',1,'2026-06-08 13:24:32','2026-06-08 13:24:32',NULL),
(3,'SERIAL_NUMBERS_GLOBAL','Números de Serie Global','Activar control de números de serie','BOOLEAN','false','false',1,'2026-06-08 13:24:32','2026-06-08 13:24:32',NULL),
(4,'LOCATION_TRACKING_GLOBAL','Seguimiento de Ubicación Global','Activar seguimiento de ubicaciones en bodegas','BOOLEAN','false','false',1,'2026-06-08 13:24:32','2026-06-08 13:24:32',NULL),
(5,'MULTIPLE_BARCODES','Códigos de Barras Múltiples','Permitir múltiples códigos de barras por producto','BOOLEAN','true','true',1,'2026-06-08 13:24:32','2026-06-08 13:24:32',NULL),
(6,'PRICE_LISTS_DERIVATION','Derivación de Listas de Precios','Permitir crear listas derivadas de otras listas','BOOLEAN','true','true',1,'2026-06-08 13:24:32','2026-06-08 13:24:32',NULL),
(7,'PROMOTIONS_ENABLED','Promociones Habilitadas','Activar sistema de promociones','BOOLEAN','true','true',1,'2026-06-08 13:24:32','2026-06-08 13:24:32',NULL),
(8,'AR_AUTO_AGING_DAYS','Días para Aging Automático','Días para clasificación automática de antigüedad','STRING','30,60,90,120','30,60,90,120',1,'2026-06-08 13:24:34','2026-06-08 13:24:34',NULL),
(9,'AR_AUTO_PENALTY_RATE','Tasa de Multa Automática','Porcentaje de multa por mora por defecto','STRING','2.0','2.0',1,'2026-06-08 13:24:34','2026-06-08 13:24:34',NULL),
(10,'AR_GRACE_PERIOD_DAYS','Días de Gracia por Defecto','Días de gracia antes de aplicar mora','INTEGER','5','5',1,'2026-06-08 13:24:34','2026-06-08 13:24:34',NULL),
(11,'AR_DEFAULT_CREDIT_LIMIT','Límite de Crédito por Defecto','Límite de crédito para nuevos clientes','STRING','100000','100000',1,'2026-06-08 13:24:34','2026-06-08 13:24:34',NULL),
(12,'AR_REQUIRE_SUPERVISOR_OVER_LIMIT','Requiere Supervisor para Exceso','Si requiere autorización para exceder límite','BOOLEAN','true','true',1,'2026-06-08 13:24:34','2026-06-08 13:24:34',NULL),
(13,'AR_AUTO_BLOCK_OVERDUE','Bloqueo Automático por Mora','Bloquear clientes automáticamente por mora','BOOLEAN','true','true',1,'2026-06-08 13:24:34','2026-06-08 13:24:34',NULL),
(14,'AR_MIN_PAYMENT_PERCENTAGE','Porcentaje Mínimo de Pago','Porcentaje mínimo para pago en cuotas','STRING','30','30',1,'2026-06-08 13:24:34','2026-06-08 13:24:34',NULL),
(15,'MENU_FAVORITES_ENABLED','Menús Favoritos Habilitados','Permite a usuarios marcar menús como favoritos','BOOLEAN','true','true',1,'2026-06-08 13:24:34','2026-06-08 13:24:34',NULL),
(16,'MENU_ACCESS_LOGGING','Registro de Acceso a Menú','Registrar accesos a elementos del menú para analítica','BOOLEAN','true','true',1,'2026-06-08 13:24:34','2026-06-08 13:24:34',NULL),
(17,'MENU_DYNAMIC_ORDERING','Ordenamiento Dinámico de Menú','Permite reordenar elementos del menú dinámicamente','BOOLEAN','false','false',1,'2026-06-08 13:24:34','2026-06-08 13:24:34',NULL),
(18,'MENU_BREADCRUMBS_ENABLED','Breadcrumbs Habilitados','Mostrar navegación breadcrumb basada en menú','BOOLEAN','true','true',1,'2026-06-08 13:24:34','2026-06-08 13:24:34',NULL),
(19,'RETURNS_ENABLED','Devoluciones Habilitadas','Permite procesar devoluciones de productos','BOOLEAN','true','true',1,'2026-06-08 13:24:35','2026-06-08 13:24:35',NULL),
(20,'RETURNS_REQUIRE_APPROVAL','Devoluciones Requieren Aprobación','Si las devoluciones requieren aprobación supervisor','BOOLEAN','false','false',1,'2026-06-08 13:24:35','2026-06-08 13:24:35',NULL),
(21,'RETURNS_MAX_DAYS_DEFAULT','Días Máximos Devolución por Defecto','Días máximos para devoluciones sin razón específica','INTEGER','15','15',1,'2026-06-08 13:24:35','2026-06-08 13:24:35',NULL),
(22,'FRACTIONAL_PAYMENTS_ENABLED','Pagos Fraccionados Habilitados','Permite usar múltiples métodos de pago por venta','BOOLEAN','true','true',1,'2026-06-08 13:24:35','2026-06-08 13:24:35',NULL),
(23,'FRACTIONAL_PAYMENTS_MAX_METHODS','Máximo Métodos por Venta','Número máximo de métodos de pago por documento','INTEGER','5','5',1,'2026-06-08 13:24:35','2026-06-08 13:24:35',NULL),
(24,'STOCK_ALERTS_ENABLED','Alertas de Stock Habilitadas','Generar alertas automáticas de stock crítico','BOOLEAN','true','true',1,'2026-06-08 13:24:35','2026-06-08 13:24:35',NULL),
(25,'STOCK_ALERTS_FREQUENCY_HOURS','Frecuencia Alertas Stock (Horas)','Frecuencia en horas para generar alertas','INTEGER','24','24',1,'2026-06-08 13:24:35','2026-06-08 13:24:35',NULL),
(26,'REORDER_SUGGESTIONS_ENABLED','Sugerencias Reorden Habilitadas','Generar sugerencias automáticas de reorden','BOOLEAN','true','true',1,'2026-06-08 13:24:35','2026-06-08 13:24:35',NULL),
(27,'REORDER_SUGGESTIONS_DAYS_ANALYSIS','Días Análisis Sugerencias','Días de histórico para calcular sugerencias','INTEGER','90','90',1,'2026-06-08 13:24:35','2026-06-08 13:24:35',NULL),
(28,'SUPPLIERS_ENABLED','Proveedores Habilitados','Activa maestros y contactos de proveedores','BOOLEAN','true','true',1,'2026-06-08 13:24:38','2026-06-08 13:24:38',NULL),
(29,'PURCHASES_ENABLED','Compras Habilitadas','Activa ordenes, recepciones y documentos de compra','BOOLEAN','true','true',1,'2026-06-08 13:24:38','2026-06-08 13:24:38',NULL),
(30,'ACCOUNTS_PAYABLE_ENABLED','Cuentas por Pagar Habilitadas','Activa deuda y pagos a proveedores','BOOLEAN','true','true',1,'2026-06-08 13:24:38','2026-06-08 13:24:38',NULL),
(31,'PHYSICAL_INVENTORY_ENABLED','Inventario Fisico Habilitado','Activa conteos fisicos y conciliacion','BOOLEAN','true','true',1,'2026-06-08 13:24:38','2026-06-08 13:24:38',NULL),
(32,'TRANSFER_DIFFERENCES_ENABLED','Diferencias de Transferencia Habilitadas','Controla enviado versus recibido','BOOLEAN','true','true',1,'2026-06-08 13:24:38','2026-06-08 13:24:38',NULL),
(33,'TAX_BOOKS_ENABLED','Libros Tributarios Habilitados','Permite libros de compra y venta','BOOLEAN','true','true',1,'2026-06-08 13:24:38','2026-06-08 13:24:38',NULL),
(34,'TEST_DATA_MARKERS_ENABLED','Marcadores de Datos de Prueba Habilitados','Conserva marcadores de datos de prueba para testing','BOOLEAN','true','true',1,'2026-06-08 13:24:38','2026-06-08 13:24:38',NULL),
(35,'BULK_IMPORT_ENABLED','Carga Masiva Habilitada','Registra importaciones Excel/CSV y errores por fila','BOOLEAN','true','true',1,'2026-06-08 13:24:38','2026-06-08 13:24:38',NULL);

/*!40000 ALTER TABLE `system_features` ENABLE KEYS */;
UNLOCK TABLES;

LOCK TABLES `system_statuses` WRITE;
/*!40000 ALTER TABLE `system_statuses` DISABLE KEYS */;
INSERT IGNORE INTO `system_statuses` (`id`, `status_group`, `status_code`, `status_name`, `status_display_es`, `status_color`, `status_icon`, `is_active`, `sort_order`, `created_at`) VALUES
(1,'DOCUMENT','DRAFT','Draft','Borrador','#6c757d','fa-edit',1,10,'2026-06-08 13:24:36'),
(2,'DOCUMENT','PENDING','Pending','Pendiente','#ffc107','fa-clock',1,20,'2026-06-08 13:24:36'),
(3,'DOCUMENT','APPROVED','Approved','Aprobado','#28a745','fa-check',1,30,'2026-06-08 13:24:36'),
(4,'DOCUMENT','PROCESSED','Processed','Procesado','#17a2b8','fa-check-double',1,40,'2026-06-08 13:24:36'),
(5,'DOCUMENT','CANCELLED','Cancelled','Cancelado','#dc3545','fa-times',1,50,'2026-06-08 13:24:36'),
(6,'CUSTOMER','ACTIVE','Active','Activo','#28a745','fa-user-check',1,10,'2026-06-08 13:24:36'),
(7,'CUSTOMER','INACTIVE','Inactive','Inactivo','#6c757d','fa-user-slash',1,20,'2026-06-08 13:24:36'),
(8,'CUSTOMER','BLOCKED','Blocked','Bloqueado','#dc3545','fa-user-lock',1,30,'2026-06-08 13:24:36'),
(9,'CUSTOMER','DEFAULTED','Defaulted','En Mora','#fd7e14','fa-exclamation-triangle',1,40,'2026-06-08 13:24:36'),
(10,'PAYMENT','PENDING','Pending','Pendiente','#ffc107','fa-clock',1,10,'2026-06-08 13:24:36'),
(11,'PAYMENT','CONFIRMED','Confirmed','Confirmado','#28a745','fa-check',1,20,'2026-06-08 13:24:36'),
(12,'PAYMENT','CLEARED','Cleared','Liquidado','#17a2b8','fa-check-double',1,30,'2026-06-08 13:24:36'),
(13,'PAYMENT','CANCELLED','Cancelled','Cancelado','#dc3545','fa-times',1,40,'2026-06-08 13:24:36'),
(14,'CASH_SESSION','OPEN','Open','Abierta','#28a745','fa-cash-register',1,10,'2026-06-08 13:24:36'),
(15,'CASH_SESSION','PENDING_CLOSE','Pending Close','Pendiente de Cierre','#ffc107','fa-clock',1,20,'2026-06-08 13:24:36'),
(16,'CASH_SESSION','CLOSED','Closed','Cerrada','#17a2b8','fa-lock',1,30,'2026-06-08 13:24:36'),
(17,'CASH_SESSION','CANCELLED','Cancelled','Cancelada','#dc3545','fa-times',1,40,'2026-06-08 13:24:36'),
(18,'RECEIVABLE','PENDING','Pending','Pendiente','#ffc107','fa-clock',1,10,'2026-06-08 13:24:36'),
(19,'RECEIVABLE','PARTIAL','Partial','Parcial','#fd7e14','fa-coins',1,20,'2026-06-08 13:24:36'),
(20,'RECEIVABLE','PAID','Paid','Pagada','#28a745','fa-check',1,30,'2026-06-08 13:24:36'),
(21,'RECEIVABLE','OVERDUE','Overdue','Vencida','#dc3545','fa-exclamation-triangle',1,40,'2026-06-08 13:24:36'),
(22,'RECEIVABLE','WRITTEN_OFF','Written Off','Castigada','#6c757d','fa-times-circle',1,50,'2026-06-08 13:24:36'),
(23,'RETURN','DRAFT','Draft','Borrador','#6c757d','fa-edit',1,10,'2026-06-08 13:24:36'),
(24,'RETURN','PENDING_APPROVAL','Pending Approval','Pendiente de Aprobación','#ffc107','fa-clock',1,20,'2026-06-08 13:24:36'),
(25,'RETURN','APPROVED','Approved','Aprobada','#28a745','fa-check',1,30,'2026-06-08 13:24:36'),
(26,'RETURN','PROCESSED','Processed','Procesada','#17a2b8','fa-check-double',1,40,'2026-06-08 13:24:36'),
(27,'RETURN','CANCELLED','Cancelled','Cancelada','#dc3545','fa-times',1,50,'2026-06-08 13:24:36'),
(28,'STOCK_ALERT','NEW','New','Nueva','#dc3545','fa-bell',1,10,'2026-06-08 13:24:36'),
(29,'STOCK_ALERT','ACKNOWLEDGED','Acknowledged','Reconocida','#ffc107','fa-eye',1,20,'2026-06-08 13:24:36'),
(30,'STOCK_ALERT','IN_PROGRESS','In Progress','En Proceso','#17a2b8','fa-cog',1,30,'2026-06-08 13:24:36'),
(31,'STOCK_ALERT','RESOLVED','Resolved','Resuelta','#28a745','fa-check',1,40,'2026-06-08 13:24:36'),
(32,'STOCK_ALERT','DISMISSED','Dismissed','Descartada','#6c757d','fa-times',1,50,'2026-06-08 13:24:36'),
(33,'EXPENSE','PENDING','Pending','Pendiente','#ffc107','fa-clock',1,10,'2026-06-08 13:24:36'),
(34,'EXPENSE','APPROVED','Approved','Aprobado','#28a745','fa-check',1,20,'2026-06-08 13:24:36'),
(35,'EXPENSE','REJECTED','Rejected','Rechazado','#dc3545','fa-times',1,30,'2026-06-08 13:24:36'),
(36,'CHECK','PENDING','Pending','Pendiente','#ffc107','fa-clock',1,10,'2026-06-08 13:24:36'),
(37,'CHECK','DEPOSITED','Deposited','Depositado','#17a2b8','fa-university',1,20,'2026-06-08 13:24:36'),
(38,'CHECK','CLEARED','Cleared','Liberado','#28a745','fa-check',1,30,'2026-06-08 13:24:36'),
(39,'CHECK','BOUNCED','Bounced','Rebotado','#dc3545','fa-exclamation-circle',1,40,'2026-06-08 13:24:36'),
(40,'DTE','DRAFT','Draft','Borrador','#6c757d','fa-edit',1,10,'2026-06-08 13:24:36'),
(41,'DTE','SENT','Sent','Enviado','#17a2b8','fa-paper-plane',1,20,'2026-06-08 13:24:36'),
(42,'DTE','ACCEPTED','Accepted','Aceptado','#28a745','fa-check',1,30,'2026-06-08 13:24:36'),
(43,'DTE','REJECTED','Rejected','Rechazado','#dc3545','fa-times',1,40,'2026-06-08 13:24:36'),
(44,'DTE','CANCELLED','Cancelled','Cancelado','#6c757d','fa-ban',1,50,'2026-06-08 13:24:36'),
(45,'SUPPLIER','ACTIVE','Active','Activo','#28a745','fa-truck',1,10,'2026-06-08 13:24:38'),
(46,'SUPPLIER','INACTIVE','Inactive','Inactivo','#6c757d','fa-ban',1,20,'2026-06-08 13:24:38'),
(47,'SUPPLIER','BLOCKED','Blocked','Bloqueado','#dc3545','fa-lock',1,30,'2026-06-08 13:24:38'),
(48,'PURCHASE','DRAFT','Draft','Borrador','#6c757d','fa-edit',1,10,'2026-06-08 13:24:38'),
(49,'PURCHASE','PENDING_APPROVAL','Pending Approval','Pendiente de Aprobacion','#ffc107','fa-clock',1,20,'2026-06-08 13:24:38'),
(50,'PURCHASE','APPROVED','Approved','Aprobada','#28a745','fa-check',1,30,'2026-06-08 13:24:38'),
(51,'PURCHASE','PARTIALLY_RECEIVED','Partially Received','Recepcion Parcial','#17a2b8','fa-dolly',1,40,'2026-06-08 13:24:38'),
(52,'PURCHASE','RECEIVED','Received','Recepcionada','#28a745','fa-boxes',1,50,'2026-06-08 13:24:38'),
(53,'PURCHASE','CANCELLED','Cancelled','Cancelada','#dc3545','fa-times',1,60,'2026-06-08 13:24:38'),
(54,'PAYABLE','PENDING','Pending','Pendiente','#ffc107','fa-clock',1,10,'2026-06-08 13:24:38'),
(55,'PAYABLE','PARTIAL','Partial','Pago Parcial','#fd7e14','fa-coins',1,20,'2026-06-08 13:24:38'),
(56,'PAYABLE','PAID','Paid','Pagada','#28a745','fa-check',1,30,'2026-06-08 13:24:38'),
(57,'PAYABLE','OVERDUE','Overdue','Vencida','#dc3545','fa-exclamation-triangle',1,40,'2026-06-08 13:24:38'),
(58,'PAYABLE','CANCELLED','Cancelled','Cancelada','#6c757d','fa-times',1,50,'2026-06-08 13:24:38'),
(59,'PHYSICAL_COUNT','DRAFT','Draft','Borrador','#6c757d','fa-edit',1,10,'2026-06-08 13:24:38'),
(60,'PHYSICAL_COUNT','COUNTING','Counting','En Conteo','#17a2b8','fa-clipboard-list',1,20,'2026-06-08 13:24:38'),
(61,'PHYSICAL_COUNT','REVIEW','Review','En Revision','#ffc107','fa-search',1,30,'2026-06-08 13:24:38'),
(62,'PHYSICAL_COUNT','APPROVED','Approved','Aprobado','#28a745','fa-check',1,40,'2026-06-08 13:24:38'),
(63,'PHYSICAL_COUNT','POSTED','Posted','Contabilizado','#28a745','fa-check-double',1,50,'2026-06-08 13:24:38'),
(64,'PHYSICAL_COUNT','CANCELLED','Cancelled','Cancelado','#dc3545','fa-times',1,60,'2026-06-08 13:24:38'),
(65,'TRANSFER_RECEPTION','PENDING','Pending','Pendiente','#ffc107','fa-clock',1,10,'2026-06-08 13:24:38'),
(66,'TRANSFER_RECEPTION','RECEIVED_OK','Received Ok','Recibida Conforme','#28a745','fa-check',1,20,'2026-06-08 13:24:38'),
(67,'TRANSFER_RECEPTION','RECEIVED_WITH_DIFFERENCE','Received With Difference','Recibida con Diferencia','#fd7e14','fa-exclamation-triangle',1,30,'2026-06-08 13:24:38'),
(68,'TRANSFER_RECEPTION','REJECTED','Rejected','Rechazada','#dc3545','fa-times',1,40,'2026-06-08 13:24:38'),
(69,'IMPORT_BATCH','PENDING','Pending','Pendiente','#ffc107','fa-clock',1,10,'2026-06-08 13:24:38'),
(70,'IMPORT_BATCH','PROCESSING','Processing','Procesando','#17a2b8','fa-cog',1,20,'2026-06-08 13:24:38'),
(71,'IMPORT_BATCH','COMPLETED','Completed','Completado','#28a745','fa-check',1,30,'2026-06-08 13:24:38'),
(72,'IMPORT_BATCH','COMPLETED_WITH_ERRORS','Completed With Errors','Completado con Errores','#fd7e14','fa-exclamation-circle',1,40,'2026-06-08 13:24:38'),
(73,'IMPORT_BATCH','FAILED','Failed','Fallido','#dc3545','fa-times',1,50,'2026-06-08 13:24:38'),
(74,'TAX_BOOK','OPEN','Open','Abierto','#17a2b8','fa-book-open',1,10,'2026-06-08 13:24:38'),
(75,'TAX_BOOK','CLOSED','Closed','Cerrado','#28a745','fa-lock',1,20,'2026-06-08 13:24:38'),
(76,'TAX_BOOK','DECLARED','Declared','Declarado','#28a745','fa-file-signature',1,30,'2026-06-08 13:24:38'),
(77,'TAX_BOOK','VOID','Void','Anulado','#dc3545','fa-times',1,40,'2026-06-08 13:24:38'),
(78,'BANK_RECONCILIATION','DRAFT','Draft','Borrador','#6c757d','fa-edit',1,10,'2026-06-08 13:24:38'),
(79,'BANK_RECONCILIATION','RECONCILED','Reconciled','Conciliada','#28a745','fa-check',1,20,'2026-06-08 13:24:38'),
(80,'BANK_RECONCILIATION','CANCELLED','Cancelled','Cancelada','#dc3545','fa-times',1,30,'2026-06-08 13:24:38');

/*!40000 ALTER TABLE `system_statuses` ENABLE KEYS */;
UNLOCK TABLES;

LOCK TABLES `menu_items` WRITE;
/*!40000 ALTER TABLE `menu_items` DISABLE KEYS */;
INSERT IGNORE INTO `menu_items` (`id`, `parent_id`, `menu_code`, `menu_name`, `menu_description`, `icon_name`, `icon_color`, `menu_url`, `menu_type`, `required_permission_id`, `alternative_permissions`, `is_active`, `is_visible`, `requires_feature`, `feature_code`, `sort_order`, `menu_level`, `menu_path`, `target_window`, `css_classes`, `data_attributes`, `created_at`, `updated_at`, `created_by_user_id`, `deleted_at`) VALUES
(1,63,'dashboard','Dashboard principal','Panel principal con resumen operativo','dashboard-line','#3B82F6','/dashboard','LINK',134,NULL,1,1,0,NULL,10,2,'/dashboard','SELF',NULL,NULL,'2026-06-08 13:24:34','2026-06-08 13:24:40',NULL,NULL),
(2,3,'products','Catalogo de productos','Catalogo maestro de productos.','product-hunt-line','#10B981','/inventory/products','LINK',149,NULL,1,1,0,NULL,10,2,'/inventory/products','SELF',NULL,NULL,'2026-06-08 13:24:34','2026-06-10 12:42:24',NULL,NULL),
(3,NULL,'inventory','Inventario','Productos, stock y movimientos','archive-line','#D97706',NULL,'PARENT',125,NULL,1,1,0,NULL,50,1,'/inventory','SELF',NULL,NULL,'2026-06-08 13:24:34','2026-06-08 13:24:40',NULL,NULL),
(4,NULL,'sales','Ventas','Ventas, POS e historial comercial','shopping-cart-line','#DC2626',NULL,'PARENT',122,NULL,1,1,0,NULL,20,1,'/sales','SELF',NULL,NULL,'2026-06-08 13:24:34','2026-06-08 13:24:40',NULL,NULL),
(5,NULL,'customers','Clientes y proveedores','Clientes, proveedores y datos maestros comerciales','team-line','#7C3AED',NULL,'PARENT',NULL,NULL,1,1,0,NULL,30,1,'/customers-suppliers','SELF',NULL,NULL,'2026-06-08 13:24:34','2026-06-08 13:24:44',NULL,NULL),
(6,NULL,'cash_control','Control de Caja','Apertura, cierre y movimientos de caja','safe-line','#06B6D4',NULL,'PARENT',NULL,NULL,0,0,0,NULL,60,1,'/cash-control','SELF',NULL,NULL,'2026-06-08 13:24:34','2026-06-08 13:24:40',NULL,NULL),
(7,NULL,'reports','Reportes','Reportería y análisis','bar-chart-line','#84CC16',NULL,'PARENT',NULL,NULL,0,0,0,NULL,70,1,'/reports','SELF',NULL,NULL,'2026-06-08 13:24:34','2026-06-08 13:24:40',NULL,NULL),
(8,NULL,'administration','Administracion','Administracion de usuarios, roles y recursos','shield-user-line','#64748B',NULL,'PARENT',133,NULL,1,1,0,NULL,130,1,'/admin','SELF',NULL,NULL,'2026-06-08 13:24:34','2026-06-08 13:24:40',NULL,NULL),
(9,2,'products_list','Ver Productos','Lista y búsqueda de productos','list-check',NULL,'/products/list','LINK',NULL,NULL,0,0,0,NULL,10,2,'/products/list','SELF',NULL,NULL,'2026-06-08 13:24:34','2026-06-08 13:24:43',NULL,NULL),
(10,2,'products_create','Crear Producto','Agregar nuevo producto al catálogo','add-circle-line',NULL,'/products/create','LINK',NULL,NULL,0,0,0,NULL,20,2,'/products/create','SELF',NULL,NULL,'2026-06-08 13:24:34','2026-06-08 13:24:43',NULL,NULL),
(11,2,'products_variants','Gestionar Variantes','Crear y gestionar variantes de productos','git-branch-line',NULL,'/products/variants','LINK',NULL,NULL,0,0,0,NULL,30,2,'/products/variants','SELF',NULL,NULL,'2026-06-08 13:24:34','2026-06-08 13:24:43',NULL,NULL),
(12,2,'products_categories','Categorías','Gestión de categorías de productos','folder-line',NULL,'/products/categories','LINK',NULL,NULL,0,0,0,NULL,40,2,'/products/categories','SELF',NULL,NULL,'2026-06-08 13:24:34','2026-06-08 13:24:43',NULL,NULL),
(13,2,'products_attributes','Atributos','Configuración de atributos de productos','price-tag-3-line',NULL,'/products/attributes','LINK',NULL,NULL,0,0,0,NULL,50,2,'/products/attributes','SELF',NULL,NULL,'2026-06-08 13:24:34','2026-06-08 13:24:43',NULL,NULL),
(14,2,'products_barcodes','Códigos de Barras','Gestión de códigos de barras','qr-code-line',NULL,'/products/barcodes','LINK',NULL,NULL,0,0,0,NULL,60,2,'/products/barcodes','SELF',NULL,NULL,'2026-06-08 13:24:34','2026-06-08 13:24:43',NULL,NULL),
(15,3,'inventory_stock','Ver Stock','Consulta de stock por bodega','database-line',NULL,'/inventory/stock','LINK',NULL,NULL,0,0,0,NULL,10,2,'/inventory/stock','SELF',NULL,NULL,'2026-06-08 13:24:34','2026-06-08 13:24:43',NULL,NULL),
(16,3,'inventory_movements','Movimientos','Historial de movimientos de inventario','exchange-line',NULL,'/inventory/movements','LINK',NULL,NULL,0,0,0,NULL,20,2,'/inventory/movements','SELF',NULL,NULL,'2026-06-08 13:24:34','2026-06-08 13:24:43',NULL,NULL),
(17,3,'inventory_adjustments','Ajustes de inventario','Ajustes manuales de inventario','settings-line',NULL,'/inventory/stock/adjustments','LINK',152,NULL,0,0,0,NULL,120,2,'/inventory/stock/adjustments','SELF',NULL,NULL,'2026-06-08 13:24:34','2026-06-10 12:59:11',NULL,NULL),
(18,3,'inventory_transfers','Transferencias','Transferencias entre bodegas','truck-line',NULL,'/inventory/transfers','LINK',NULL,NULL,0,0,0,NULL,40,2,'/inventory/transfers','SELF',NULL,NULL,'2026-06-08 13:24:34','2026-06-08 13:24:43',NULL,NULL),
(19,3,'inventory_counting','Conteo de Inventario','Conteos físicos y auditoria','calculator-line',NULL,'/inventory/counting','LINK',NULL,NULL,0,0,0,NULL,60,2,'/inventory/counting','SELF',NULL,NULL,'2026-06-08 13:24:34','2026-06-08 13:24:43',NULL,NULL),
(20,4,'sales_new','Nueva Venta','Opcion de prueba para testing reemplazada por new_sale.','shopping-bag-line',NULL,'/sales/new','LINK',NULL,NULL,0,0,0,NULL,999,2,'/sales/new','SELF',NULL,NULL,'2026-06-08 13:24:34','2026-06-08 13:24:43',NULL,NULL),
(21,4,'sales_process','Procesar Venta','Convertir pre-venta a factura','bank-card-line',NULL,'/sales/process','LINK',NULL,NULL,0,0,0,NULL,20,2,'/sales/process','SELF',NULL,NULL,'2026-06-08 13:24:34','2026-06-08 13:24:43',NULL,NULL),
(22,4,'sales_search_presale','Buscar Pre-venta','Buscar y consultar pre-ventas','search-line',NULL,'/sales/search-presale','LINK',NULL,NULL,0,0,0,NULL,30,2,'/sales/search-presale','SELF',NULL,NULL,'2026-06-08 13:24:34','2026-06-08 13:24:43',NULL,NULL),
(23,4,'sales_search_document','Consultar Documento','Buscar ventas por número de documento','file-search-line',NULL,'/sales/search-document','LINK',NULL,NULL,0,0,0,NULL,40,2,'/sales/search-document','SELF',NULL,NULL,'2026-06-08 13:24:34','2026-06-08 13:24:43',NULL,NULL),
(24,4,'sales_returns','Cambio y devoluciones','Procesar cambios y devoluciones de productos','refund-line',NULL,'/sales/returns','LINK',NULL,NULL,0,0,0,NULL,50,2,'/sales/returns','SELF',NULL,NULL,'2026-06-08 13:24:34','2026-06-08 13:24:43',NULL,NULL),
(25,4,'sales_exchanges','Cambios de Producto','Cambios y ajustes de productos vendidos','exchange-cny-line',NULL,'/sales/exchanges','LINK',NULL,NULL,0,0,0,NULL,60,2,'/sales/exchanges','SELF',NULL,NULL,'2026-06-08 13:24:34','2026-06-08 13:24:43',NULL,NULL),
(26,4,'sales_cancel','Anular Venta','Anulación de documentos de venta','close-circle-line',NULL,'/sales/cancel','LINK',NULL,NULL,0,0,0,NULL,70,2,'/sales/cancel','SELF',NULL,NULL,'2026-06-08 13:24:34','2026-06-08 13:24:43',NULL,NULL),
(27,4,'sales_pricing','Listas de Precios','Gestión de precios y promociones','price-tag-line',NULL,'/sales/pricing','LINK',NULL,NULL,0,0,0,NULL,80,2,'/sales/pricing','SELF',NULL,NULL,'2026-06-08 13:24:34','2026-06-08 13:24:43',NULL,NULL),
(28,5,'customers_list','Listado de clientes','Mantenedor de clientes','team-line',NULL,'/customers','LINK',140,NULL,1,1,0,NULL,10,2,'/customers','SELF',NULL,NULL,'2026-06-08 13:24:34','2026-06-08 13:24:44',NULL,NULL),
(29,5,'customers_create','Crear Cliente','Registrar nuevo cliente','user-add-line',NULL,'/customers/create','LINK',NULL,NULL,0,0,0,NULL,20,2,'/customers/create','SELF',NULL,NULL,'2026-06-08 13:24:34','2026-06-08 13:24:43',NULL,NULL),
(30,5,'customers_credit','Límites de Crédito','Configuración de crédito por cliente','bank-line',NULL,'/customers/credit','LINK',NULL,NULL,0,0,0,NULL,30,2,'/customers/credit','SELF',NULL,NULL,'2026-06-08 13:24:34','2026-06-08 13:24:43',NULL,NULL),
(31,5,'customers_accounts','Cuentas por Cobrar','Estado de cuenta y facturas pendientes','bill-line',NULL,'/customers/accounts-receivable','LINK',NULL,NULL,0,0,0,NULL,40,2,'/customers/accounts-receivable','SELF',NULL,NULL,'2026-06-08 13:24:34','2026-06-08 13:24:43',NULL,NULL),
(32,5,'customers_payments','Recibir Pagos','Registro de pagos de clientes','hand-coin-line',NULL,'/customers/payments','LINK',NULL,NULL,0,0,0,NULL,50,2,'/customers/payments','SELF',NULL,NULL,'2026-06-08 13:24:34','2026-06-08 13:24:43',NULL,NULL),
(33,5,'customers_statements','Estados de Cuenta','Generar estados de cuenta detallados','file-text-line',NULL,'/customers/statements','LINK',NULL,NULL,0,0,0,NULL,60,2,'/customers/statements','SELF',NULL,NULL,'2026-06-08 13:24:34','2026-06-08 13:24:43',NULL,NULL),
(34,5,'customers_overdue','Clientes Morosos','Gestión de clientes en mora','alarm-warning-line',NULL,'/customers/overdue','LINK',NULL,NULL,0,0,0,NULL,70,2,'/customers/overdue','SELF',NULL,NULL,'2026-06-08 13:24:34','2026-06-08 13:24:43',NULL,NULL),
(35,6,'cash_open','Abrir Caja','Apertura de turno de caja','lock-unlock-line',NULL,'/cash-control/open','LINK',NULL,NULL,0,0,0,NULL,10,2,'/cash-control/open','SELF',NULL,NULL,'2026-06-08 13:24:34','2026-06-08 13:24:43',NULL,NULL),
(36,6,'cash_close','Cerrar Caja','Cierre y cuadratura de caja','lock-line',NULL,'/cash-control/close','LINK',NULL,NULL,0,0,0,NULL,20,2,'/cash-control/close','SELF',NULL,NULL,'2026-06-08 13:24:34','2026-06-08 13:24:43',NULL,NULL),
(37,6,'cash_status','Estado de Caja','Estado actual y movimientos del turno','dashboard-3-line',NULL,'/cash-control/status','LINK',NULL,NULL,0,0,0,NULL,30,2,'/cash-control/status','SELF',NULL,NULL,'2026-06-08 13:24:34','2026-06-08 13:24:43',NULL,NULL),
(38,64,'cash_movements','Movimientos de caja','Movimientos de caja','exchange-line',NULL,'/cash/movements','LINK',147,NULL,1,1,0,NULL,60,2,'/cash/movements','SELF',NULL,NULL,'2026-06-08 13:24:34','2026-06-10 13:04:12',NULL,NULL),
(39,64,'petty_cash','Caja chica operativa','Caja chica operativa','wallet-3-line',NULL,'/cash/petty','LINK',148,NULL,1,1,0,NULL,70,2,'/cash/petty','SELF',NULL,NULL,'2026-06-08 13:24:34','2026-06-10 13:04:12',NULL,NULL),
(40,6,'cash_reconciliation','Cuadraturas','Revisión y supervisión de cierres','calculator-line',NULL,'/cash-control/reconciliation','LINK',NULL,NULL,0,0,0,NULL,60,2,'/cash-control/reconciliation','SELF',NULL,NULL,'2026-06-08 13:24:34','2026-06-08 13:24:43',NULL,NULL),
(41,7,'reports_sales','Reportes de Ventas','Análisis de ventas por período','line-chart-line',NULL,'/reports/sales','LINK',NULL,NULL,0,0,0,NULL,10,2,'/reports/sales','SELF',NULL,NULL,'2026-06-08 13:24:34','2026-06-08 13:24:43',NULL,NULL),
(42,7,'reports_inventory','Reportes de Inventario','Stock, rotación y valorización','pie-chart-line',NULL,'/reports/inventory','LINK',NULL,NULL,0,0,0,NULL,20,2,'/reports/inventory','SELF',NULL,NULL,'2026-06-08 13:24:34','2026-06-08 13:24:43',NULL,NULL),
(43,7,'reports_cash','Reportes de Caja','Cuadraturas y movimientos de caja','funds-line',NULL,'/reports/cash','LINK',NULL,NULL,0,0,0,NULL,30,2,'/reports/cash','SELF',NULL,NULL,'2026-06-08 13:24:34','2026-06-08 13:24:43',NULL,NULL),
(44,7,'reports_customers','Reportes de Clientes','Cuentas por cobrar y aging','user-star-line',NULL,'/reports/customers','LINK',NULL,NULL,0,0,0,NULL,40,2,'/reports/customers','SELF',NULL,NULL,'2026-06-08 13:24:34','2026-06-08 13:24:43',NULL,NULL),
(45,7,'reports_products','Reportes de Productos','Productos más vendidos y rentabilidad','trophy-line',NULL,'/reports/products','LINK',NULL,NULL,0,0,0,NULL,50,2,'/reports/products','SELF',NULL,NULL,'2026-06-08 13:24:34','2026-06-08 13:24:43',NULL,NULL),
(46,7,'reports_financial','Reportes Financieros','Estados financieros y flujo de caja','money-dollar-circle-line',NULL,'/reports/financial','LINK',NULL,NULL,0,0,0,NULL,60,2,'/reports/financial','SELF',NULL,NULL,'2026-06-08 13:24:34','2026-06-08 13:24:43',NULL,NULL),
(47,8,'admin_users','Administracion de usuarios','Administracion de usuarios del sistema.','team-line',NULL,'/admin/users','LINK',116,NULL,1,1,0,NULL,10,2,'/admin/users','SELF',NULL,NULL,'2026-06-08 13:24:34','2026-06-08 13:24:40',NULL,NULL),
(48,8,'admin_roles','Administracion de roles y permisos','Administracion de roles, perfiles y permisos.','shield-user-line',NULL,'/admin/roles','LINK',118,NULL,1,1,0,NULL,20,2,'/admin/roles','SELF',NULL,NULL,'2026-06-08 13:24:34','2026-06-08 13:24:40',NULL,NULL),
(49,8,'admin_cash_registers','Cajas Registradoras','Configuración de cajas y terminales','computer-line',NULL,'/administration/cash-registers','LINK',33,NULL,0,0,0,NULL,40,2,'/administration/cash-registers','SELF',NULL,NULL,'2026-06-08 13:24:34','2026-06-08 13:24:40',NULL,NULL),
(50,8,'admin_payment_methods','Métodos de Pago','Configuración de métodos de pago','bank-card-2-line',NULL,'/administration/payment-methods','LINK',NULL,NULL,0,0,0,NULL,50,2,'/administration/payment-methods','SELF',NULL,NULL,'2026-06-08 13:24:34','2026-06-08 13:24:43',NULL,NULL),
(51,8,'admin_document_series','Series de Documentos','Configuración de numeración de documentos','file-list-3-line',NULL,'/administration/document-series','LINK',NULL,NULL,0,0,0,NULL,60,2,'/administration/document-series','SELF',NULL,NULL,'2026-06-08 13:24:34','2026-06-08 13:24:43',NULL,NULL),
(52,8,'admin_system_features','Características del Sistema','Activar/desactivar funcionalidades','toggle-line',NULL,'/administration/system-features','LINK',NULL,NULL,0,0,0,NULL,70,2,'/administration/system-features','SELF',NULL,NULL,'2026-06-08 13:24:34','2026-06-08 13:24:43',NULL,NULL),
(53,8,'admin_audit_log','Auditoría','Registro de cambios y accesos','history-line',NULL,'/administration/audit-log','LINK',NULL,NULL,0,0,0,NULL,80,2,'/administration/audit-log','SELF',NULL,NULL,'2026-06-08 13:24:34','2026-06-08 13:24:43',NULL,NULL),
(54,8,'admin_backup','Respaldos','Gestión de respaldos del sistema','save-line',NULL,'/administration/backup','LINK',NULL,NULL,0,0,0,NULL,90,2,'/administration/backup','SELF',NULL,NULL,'2026-06-08 13:24:34','2026-06-08 13:24:43',NULL,NULL),
(55,2,'products_divider_1','','Separador',NULL,NULL,NULL,'DIVIDER',NULL,NULL,0,0,0,NULL,35,2,'','SELF',NULL,NULL,'2026-06-08 13:24:34','2026-06-08 13:24:40',NULL,NULL),
(56,7,'reports_header_operational','Reportes Operacionales','Sección de reportes operacionales',NULL,NULL,NULL,'HEADER',NULL,NULL,0,0,0,NULL,5,2,'','SELF',NULL,NULL,'2026-06-08 13:24:34','2026-06-08 13:24:40',NULL,NULL),
(57,7,'reports_divider_1','','Separador',NULL,NULL,NULL,'DIVIDER',NULL,NULL,0,0,0,NULL,35,2,'','SELF',NULL,NULL,'2026-06-08 13:24:34','2026-06-08 13:24:40',NULL,NULL),
(58,7,'reports_header_financial','Reportes Financieros','Sección de reportes financieros',NULL,NULL,NULL,'HEADER',NULL,NULL,0,0,0,NULL,55,2,'','SELF',NULL,NULL,'2026-06-08 13:24:34','2026-06-08 13:24:40',NULL,NULL),
(59,4,'sales_returns_manage','Gestionar Devoluciones','Procesar devoluciones y cambios completos','refund-2-line',NULL,'/sales/returns-manage','LINK',55,NULL,0,0,0,NULL,75,2,'/sales/returns-manage','SELF',NULL,NULL,'2026-06-08 13:24:35','2026-06-08 13:24:40',NULL,NULL),
(60,3,'inventory_alerts','Alertas de Stock','Ver alertas de stock crítico y sugerencias','alarm-warning-line',NULL,'/inventory/alerts','LINK',58,NULL,0,0,0,NULL,70,2,'/inventory/alerts','SELF',NULL,NULL,'2026-06-08 13:24:35','2026-06-08 13:24:40',NULL,NULL),
(61,3,'inventory_reorder','Sugerencias de Reorden','Sugerencias automáticas de reabastecimiento','shopping-cart-2-line',NULL,'/inventory/reorder-suggestions','LINK',60,NULL,0,0,0,NULL,80,2,'/inventory/reorder-suggestions','SELF',NULL,NULL,'2026-06-08 13:24:35','2026-06-08 13:24:40',NULL,NULL),
(62,8,'admin_stock_critical','Configurar Stock Crítico','Configuración de alertas y puntos de reorden','settings-4-line',NULL,'/administration/critical-stock-config','LINK',63,NULL,0,0,0,NULL,110,2,'/administration/critical-stock-config','SELF',NULL,NULL,'2026-06-08 13:24:35','2026-06-08 13:24:40',NULL,NULL),
(63,NULL,'home','Inicio','Inicio y tablero principal','home-line','#2563EB',NULL,'PARENT',121,NULL,1,1,0,NULL,10,1,'/home','SELF',NULL,NULL,'2026-06-08 13:24:40','2026-06-08 13:24:40',NULL,NULL),
(64,NULL,'cash','Caja','Apertura, arqueo y movimientos de caja','wallet-3-line','#0891B2',NULL,'PARENT',124,NULL,1,1,0,NULL,40,1,'/cash','SELF',NULL,NULL,'2026-06-08 13:24:40','2026-06-08 13:24:40',NULL,NULL),
(65,NULL,'suppliers','Listado de proveedores','Listado y gestion base de proveedores.','truck-line','#0F766E',NULL,'PARENT',214,NULL,0,0,0,NULL,60,1,'/suppliers','SELF',NULL,NULL,'2026-06-08 13:24:40','2026-06-08 13:24:44',NULL,NULL),
(66,NULL,'finance','Finanzas','Gastos, ingresos y conciliacion','money-dollar-circle-line','#16A34A',NULL,'PARENT',127,NULL,1,1,0,NULL,70,1,'/finance','SELF',NULL,NULL,'2026-06-08 13:24:40','2026-06-08 13:24:40',NULL,NULL),
(67,NULL,'documents','Documentos','Documentos comerciales y devoluciones','file-text-line','#4F46E5',NULL,'PARENT',128,NULL,1,1,0,NULL,80,1,'/documents','SELF',NULL,NULL,'2026-06-08 13:24:40','2026-06-08 13:24:40',NULL,NULL),
(68,NULL,'metrics','Metricas e indicadores','Metricas e indicadores operacionales.','line-chart-line','#0284C7',NULL,'PARENT',129,NULL,1,1,0,NULL,90,1,'/metrics','SELF',NULL,NULL,'2026-06-08 13:24:40','2026-06-08 13:24:40',NULL,NULL),
(69,NULL,'management_reports','Reportes de gestion','Reportes de gestion comercial y operacional.','bar-chart-line','#65A30D',NULL,'PARENT',130,NULL,1,1,0,NULL,100,1,'/reports','SELF',NULL,NULL,'2026-06-08 13:24:40','2026-06-08 13:24:40',NULL,NULL),
(70,NULL,'audit_reports','Reportes de auditoria','Reportes de auditoria y trazabilidad.','file-search-line','#9333EA',NULL,'PARENT',131,NULL,1,1,0,NULL,110,1,'/reports/audit','SELF',NULL,NULL,'2026-06-08 13:24:40','2026-06-08 13:24:40',NULL,NULL),
(71,NULL,'settings','Configuracion','Parametros y configuracion del sistema','settings-line','#475569',NULL,'PARENT',132,NULL,1,1,0,NULL,120,1,'/config','SELF',NULL,NULL,'2026-06-08 13:24:40','2026-06-08 13:24:40',NULL,NULL),
(76,63,'notifications','Centro de notificaciones','Alertas y notificaciones del sistema','bell-line',NULL,'/notifications','LINK',135,NULL,0,0,0,NULL,20,2,'/notifications','SELF',NULL,NULL,'2026-06-08 13:24:40','2026-06-08 13:24:42',NULL,NULL),
(77,4,'new_sale','Nueva venta','Crear una nueva venta','shopping-cart-line',NULL,'/sales/new','LINK',136,NULL,1,1,0,NULL,10,2,'/sales/new','SELF',NULL,NULL,'2026-06-08 13:24:40','2026-06-08 13:24:40',NULL,NULL),
(78,64,'cash_pos','Cobro en caja POS','Procesar cobro POS','credit-card-line',NULL,'/cash/pos','LINK',137,NULL,1,1,0,NULL,40,2,'/cash/pos','SELF',NULL,NULL,'2026-06-08 13:24:40','2026-06-10 13:04:12',NULL,NULL),
(79,4,'sales_history','Historial de ventas','Historial y consulta de ventas','list-check-line',NULL,'/sales/history','LINK',138,NULL,1,1,0,NULL,40,2,'/sales/history','SELF',NULL,NULL,'2026-06-08 13:24:40','2026-06-10 13:04:12',NULL,NULL),
(80,4,'promotions','Promociones comerciales','Promociones y reglas comerciales sin venta directa.','price-tag-line',NULL,'/sales/promotions','LINK',223,NULL,1,1,0,NULL,30,2,'/sales/promotions','SELF',NULL,NULL,'2026-06-08 13:24:40','2026-06-10 13:04:12',NULL,NULL),
(81,69,'account_status','Estado de cuenta de clientes','Reporte de estado de cuenta de clientes','file-text-line',NULL,'/customers/account-status','LINK',141,NULL,1,1,0,NULL,70,2,'/customers/account-status','SELF',NULL,NULL,'2026-06-08 13:24:40','2026-06-08 13:24:44',NULL,NULL),
(82,5,'customer_credit','Creditos y limites','Opcion dependiente de cliente; se accede desde acciones del mantenedor de clientes.','credit-card-line',NULL,'/customers/credit-limits','LINK',214,NULL,0,0,0,NULL,999,2,'/customers/credit-limits','SELF',NULL,NULL,'2026-06-08 13:24:40','2026-06-08 13:24:43',NULL,NULL),
(83,5,'authorized_persons','Personas autorizadas','Opcion dependiente de cliente; se accede desde acciones del mantenedor de clientes.','shield-user-line',NULL,'/customers/authorized-persons','LINK',214,NULL,0,0,0,NULL,999,2,'/customers/authorized-persons','SELF',NULL,NULL,'2026-06-08 13:24:40','2026-06-08 13:24:43',NULL,NULL),
(84,69,'purchase_history','Historial de compras de clientes','Reporte de historial de compras de clientes','receipt-line',NULL,'/customers/purchase-history','LINK',144,NULL,1,1,0,NULL,80,2,'/customers/purchase-history','SELF',NULL,NULL,'2026-06-08 13:24:40','2026-06-08 13:24:44',NULL,NULL),
(85,64,'cash_opening','Apertura / cierre de caja','Abrir o cerrar caja','lock-unlock-line',NULL,'/cash/opening','LINK',145,NULL,1,1,0,NULL,30,2,'/cash/opening','SELF',NULL,NULL,'2026-06-08 13:24:40','2026-06-10 13:04:12',NULL,NULL),
(86,64,'cash_count','Arqueo de caja','Conteo y arqueo de caja','calculator-line',NULL,'/cash/count','LINK',146,NULL,1,1,0,NULL,50,2,'/cash/count','SELF',NULL,NULL,'2026-06-08 13:24:40','2026-06-10 13:04:12',NULL,NULL),
(87,3,'stock_movements','Movimientos de stock','Ingresos, egresos y ajustes manuales de stock.','archive-line',NULL,'/inventory/stock/movements','LINK',150,NULL,1,1,0,NULL,90,2,'/inventory/stock/movements','SELF',NULL,NULL,'2026-06-08 13:24:40','2026-06-10 12:59:11',NULL,NULL),
(88,3,'physical_inventory','Inventario fisico','Conteo fisico y conciliacion de inventario','list-check-line',NULL,'/inventory/stock/physical','LINK',151,NULL,1,1,0,NULL,110,2,'/inventory/stock/physical','SELF',NULL,NULL,'2026-06-08 13:24:40','2026-06-10 12:59:11',NULL,NULL),
(89,3,'transfers','Transferencias de stock','Transferencias entre bodegas','truck-line',NULL,'/inventory/stock/transfers','LINK',153,NULL,1,1,0,NULL,130,2,'/inventory/stock/transfers','SELF',NULL,NULL,'2026-06-08 13:24:40','2026-06-10 12:59:11',NULL,NULL),
(90,3,'price_lists','Listas de precios','Listas de precios','price-tag-line',NULL,'/inventory/pricing/price-lists','LINK',154,NULL,1,1,0,NULL,150,2,'/inventory/pricing/price-lists','SELF',NULL,NULL,'2026-06-08 13:24:40','2026-06-10 12:59:11',NULL,NULL),
(91,3,'categories','Categorias de productos','Categorias de productos','folder-line',NULL,'/inventory/products/categories','LINK',155,NULL,1,1,0,NULL,20,2,'/inventory/products/categories','SELF',NULL,NULL,'2026-06-08 13:24:40','2026-06-10 12:59:11',NULL,NULL),
(92,3,'barcodes','Codigos de barra de productos','Codigos asociados a SKU / Variedades y unidades comerciales.','qr-code-line',NULL,'/inventory/products/barcodes','LINK',231,NULL,1,1,0,NULL,60,2,'/inventory/products/barcodes','SELF',NULL,NULL,'2026-06-08 13:24:40','2026-06-10 12:59:11',NULL,NULL),
(93,5,'suppliers_list','Listado de proveedores','Mantenedor de proveedores','truck-line',NULL,'/suppliers','LINK',157,NULL,1,1,0,NULL,20,2,'/suppliers','SELF',NULL,NULL,'2026-06-08 13:24:40','2026-06-08 13:24:44',NULL,NULL),
(94,65,'purchase_orders','Ordenes de compra','Ordenes de compra','list-check-line',NULL,'/suppliers/purchase-orders','LINK',158,NULL,0,0,0,NULL,20,2,'/suppliers/purchase-orders','SELF',NULL,NULL,'2026-06-08 13:24:40','2026-06-08 13:24:44',NULL,NULL),
(95,65,'supplier_payable','Cuentas por pagar proveedor','Cuentas por pagar proveedor','file-text-line',NULL,'/suppliers/accounts-payable','LINK',159,NULL,0,0,0,NULL,30,2,'/suppliers/accounts-payable','SELF',NULL,NULL,'2026-06-08 13:24:40','2026-06-08 13:24:44',NULL,NULL),
(96,65,'supplier_products','Productos por proveedor','Productos por proveedor','product-hunt-line',NULL,'/suppliers/products','LINK',214,NULL,0,0,0,NULL,40,2,'/suppliers/products','SELF',NULL,NULL,'2026-06-08 13:24:40','2026-06-08 13:24:44',NULL,NULL),
(97,65,'supplier_history','Historial de compras a proveedor','Historial de compras a proveedor','receipt-line',NULL,'/suppliers/purchase-history','LINK',161,NULL,0,0,0,NULL,50,2,'/suppliers/purchase-history','SELF',NULL,NULL,'2026-06-08 13:24:40','2026-06-08 13:24:44',NULL,NULL),
(98,65,'supplier_contacts','Contactos de proveedores','Contactos de proveedores','team-line',NULL,'/suppliers/contacts','LINK',214,NULL,0,0,0,NULL,60,2,'/suppliers/contacts','SELF',NULL,NULL,'2026-06-08 13:24:40','2026-06-08 13:24:44',NULL,NULL),
(99,66,'expenses','Gastos operativos','Gastos operativos','receipt-line',NULL,'/finance/expenses','LINK',163,NULL,1,1,0,NULL,40,2,'/finance/expenses','SELF',NULL,NULL,'2026-06-08 13:24:40','2026-06-10 13:04:12',NULL,NULL),
(100,66,'additional_income','Ingresos adicionales','Ingresos adicionales','money-dollar-circle-line',NULL,'/finance/additional-income','LINK',164,NULL,1,1,0,NULL,50,2,'/finance/additional-income','SELF',NULL,NULL,'2026-06-08 13:24:40','2026-06-10 13:04:12',NULL,NULL),
(101,66,'supplier_payments','Pagos a proveedores','Pagos a proveedores','truck-line',NULL,'/finance/supplier-payments','LINK',165,NULL,1,1,0,NULL,60,2,'/finance/supplier-payments','SELF',NULL,NULL,'2026-06-08 13:24:40','2026-06-10 13:04:12',NULL,NULL),
(102,66,'bank_reconciliation','Conciliacion bancaria','Conciliacion bancaria','bank-card-line',NULL,'/finance/bank-reconciliation','LINK',166,NULL,1,1,0,NULL,70,2,'/finance/bank-reconciliation','SELF',NULL,NULL,'2026-06-08 13:24:40','2026-06-10 13:04:12',NULL,NULL),
(103,67,'commercial_documents','Documentos comerciales','Documentos comerciales','file-text-line',NULL,'/documents/commercial','LINK',167,NULL,1,1,0,NULL,30,2,'/documents/commercial','SELF',NULL,NULL,'2026-06-08 13:24:40','2026-06-10 13:04:12',NULL,NULL),
(104,67,'returns','Cambio y devoluciones','Gestion de cambios y devoluciones de ventas.','refund-line',NULL,'/documents/returns','LINK',168,NULL,1,1,0,NULL,50,2,'/documents/returns','SELF',NULL,NULL,'2026-06-08 13:24:40','2026-06-10 13:04:12',NULL,NULL),
(105,67,'credit_notes','Notas de credito de ventas','Notas de credito asociadas a ventas.','file-text-line',NULL,'/documents/returns/credit-notes','LINK',169,NULL,1,1,0,NULL,60,2,'/documents/returns/credit-notes','SELF',NULL,NULL,'2026-06-08 13:24:40','2026-06-10 13:04:12',NULL,NULL),
(106,67,'document_series','Tipos y series de documentos','Tipos documentales y series de numeracion.','list-check-line',NULL,'/documents/series','LINK',170,NULL,1,1,0,NULL,10,2,'/documents/series','SELF',NULL,NULL,'2026-06-08 13:24:40','2026-06-10 13:04:12',NULL,NULL),
(107,67,'document_templates','Plantillas de documentos','Plantillas de impresion, PDF o correo.','file-text-line',NULL,'/documents/templates','LINK',171,NULL,1,1,0,NULL,20,2,'/documents/templates','SELF',NULL,NULL,'2026-06-08 13:24:40','2026-06-10 13:04:12',NULL,NULL),
(108,68,'sales_metrics','Metricas de ventas','Metricas de ventas','line-chart-line',NULL,'/metrics/sales','LINK',172,NULL,1,1,0,NULL,10,2,'/metrics/sales','SELF',NULL,NULL,'2026-06-08 13:24:40','2026-06-08 13:24:40',NULL,NULL),
(109,68,'inventory_metrics','Metricas de inventario','Metricas de inventario','archive-line',NULL,'/metrics/inventory','LINK',173,NULL,1,1,0,NULL,20,2,'/metrics/inventory','SELF',NULL,NULL,'2026-06-08 13:24:40','2026-06-08 13:24:40',NULL,NULL),
(110,68,'cash_metrics','Metricas de caja','Metricas de caja','money-dollar-circle-line',NULL,'/metrics/cash','LINK',174,NULL,1,1,0,NULL,30,2,'/metrics/cash','SELF',NULL,NULL,'2026-06-08 13:24:40','2026-06-08 13:24:40',NULL,NULL),
(111,68,'customer_metrics','Metricas de clientes','Metricas de clientes','team-line',NULL,'/metrics/customers','LINK',175,NULL,1,1,0,NULL,40,2,'/metrics/customers','SELF',NULL,NULL,'2026-06-08 13:24:40','2026-06-08 13:24:40',NULL,NULL),
(112,69,'daily_sales','Ventas diarias','Ventas diarias','bar-chart-line',NULL,'/reports/daily-sales','LINK',176,NULL,1,1,0,NULL,10,2,'/reports/daily-sales','SELF',NULL,NULL,'2026-06-08 13:24:40','2026-06-08 13:24:40',NULL,NULL),
(113,69,'sales_by_seller','Ventas por vendedor','Ventas por vendedor','bar-chart-line',NULL,'/reports/sales-by-seller','LINK',177,NULL,1,1,0,NULL,20,2,'/reports/sales-by-seller','SELF',NULL,NULL,'2026-06-08 13:24:40','2026-06-08 13:24:40',NULL,NULL),
(114,69,'top_products','Productos mas vendidos','Productos mas vendidos','bar-chart-line',NULL,'/reports/top-selling-products','LINK',178,NULL,1,1,0,NULL,30,2,'/reports/top-selling-products','SELF',NULL,NULL,'2026-06-08 13:24:40','2026-06-08 13:24:40',NULL,NULL),
(115,69,'low_stock','Inventario bajo stock','Inventario bajo stock','archive-line',NULL,'/reports/low-stock','LINK',179,NULL,1,1,0,NULL,40,2,'/reports/low-stock','SELF',NULL,NULL,'2026-06-08 13:24:40','2026-06-08 13:24:40',NULL,NULL),
(116,69,'cash_flow','Flujo de caja','Flujo de caja','money-dollar-circle-line',NULL,'/reports/financial/cash-flow','LINK',180,NULL,1,1,0,NULL,50,2,'/reports/financial/cash-flow','SELF',NULL,NULL,'2026-06-08 13:24:40','2026-06-08 13:24:40',NULL,NULL),
(117,69,'profitability','Analisis de rentabilidad','Analisis de rentabilidad','bar-chart-line',NULL,'/reports/financial/profitability-analysis','LINK',181,NULL,1,1,0,NULL,60,2,'/reports/financial/profitability-analysis','SELF',NULL,NULL,'2026-06-08 13:24:40','2026-06-08 13:24:40',NULL,NULL),
(118,70,'financial_audit','Auditoria financiera','Auditoria financiera','shield-user-line',NULL,'/reports/financial/financial-audit','LINK',182,NULL,1,1,0,NULL,10,2,'/reports/financial/financial-audit','SELF',NULL,NULL,'2026-06-08 13:24:40','2026-06-08 13:24:40',NULL,NULL),
(119,70,'system_audit_report','Auditoria del sistema','Auditoria del sistema','file-search-line',NULL,'/reports/audit/system','LINK',183,NULL,1,1,0,NULL,20,2,'/reports/audit/system','SELF',NULL,NULL,'2026-06-08 13:24:40','2026-06-08 13:24:40',NULL,NULL),
(120,70,'user_activity_report','Actividad de usuarios','Actividad de usuarios','team-line',NULL,'/reports/audit/user-activity','LINK',184,NULL,1,1,0,NULL,30,2,'/reports/audit/user-activity','SELF',NULL,NULL,'2026-06-08 13:24:40','2026-06-08 13:24:40',NULL,NULL),
(121,71,'company_config','Configuracion de empresa','Configuracion de empresa','building-line',NULL,'/config/company','LINK',185,NULL,1,1,0,NULL,10,2,'/config/company','SELF',NULL,NULL,'2026-06-08 13:24:40','2026-06-08 13:24:40',NULL,NULL),
(122,71,'system_parameters','Parametros del sistema','Parametros del sistema','settings-line',NULL,'/config/system-parameters','LINK',214,NULL,1,1,0,NULL,20,2,'/config/system-parameters','SELF',NULL,NULL,'2026-06-08 13:24:40','2026-06-08 13:24:41',NULL,NULL),
(123,71,'tax_config','Configuracion de impuestos','Configuracion de impuestos','receipt-line',NULL,'/config/taxes','LINK',187,NULL,1,1,0,NULL,30,2,'/config/taxes','SELF',NULL,NULL,'2026-06-08 13:24:40','2026-06-08 13:24:40',NULL,NULL),
(124,71,'payment_methods','Configuracion de metodos de pago','Configuracion de metodos de pago aceptados.','credit-card-line',NULL,'/config/payment-methods','LINK',188,NULL,1,1,0,NULL,40,2,'/config/payment-methods','SELF',NULL,NULL,'2026-06-08 13:24:40','2026-06-08 13:24:40',NULL,NULL),
(125,8,'backup','Backup y restauracion','Backup y restauracion','database-line',NULL,'/admin/backup','LINK',189,NULL,1,1,0,NULL,60,2,'/admin/backup','SELF',NULL,NULL,'2026-06-08 13:24:40','2026-06-08 13:24:40',NULL,NULL),
(126,71,'system_logs','Logs del sistema','Logs del sistema','list-check-line',NULL,'/config/system-logs','LINK',190,NULL,1,1,0,NULL,70,2,'/config/system-logs','SELF',NULL,NULL,'2026-06-08 13:24:40','2026-06-10 13:04:12',NULL,NULL),
(127,71,'system_audit','Auditoria del sistema','Auditoria del sistema','shield-user-line',NULL,'/config/system-audit','LINK',191,NULL,1,1,0,NULL,80,2,'/config/system-audit','SELF',NULL,NULL,'2026-06-08 13:24:40','2026-06-10 13:04:12',NULL,NULL),
(128,3,'warehouses','Administracion de bodegas','Bodegas, tiendas, outlets y zonas operativas.','building-line',NULL,'/inventory/warehouses','LINK',194,NULL,1,1,0,NULL,35,2,'/inventory/warehouses','SELF',NULL,NULL,'2026-06-08 13:24:40','2026-06-10 20:01:43',NULL,NULL),
(129,8,'cash_pos_admin','Configuracion de caja POS','Configuracion de caja POS','credit-card-line',NULL,'/admin/cash/pos','LINK',195,NULL,1,1,0,NULL,40,2,'/admin/cash/pos','SELF',NULL,NULL,'2026-06-08 13:24:40','2026-06-10 12:42:24',NULL,NULL),
(130,8,'petty_cash_admin','Administracion de caja chica','Administracion de caja chica','wallet-3-line',NULL,'/admin/cash/petty-cash-categories','LINK',196,NULL,1,1,0,NULL,50,2,'/admin/cash/petty-cash-categories','SELF',NULL,NULL,'2026-06-08 13:24:40','2026-06-10 12:42:24',NULL,NULL),
(139,71,'measurement_units','Configuracion de unidades de medida','Configuracion de unidades de medida y conversiones.','ruler-line',NULL,'/config/measurement-units','LINK',200,NULL,1,1,0,NULL,50,2,'/config/measurement-units','SELF',NULL,NULL,'2026-06-08 13:24:40','2026-06-08 13:24:40',NULL,NULL),
(140,3,'product_attributes','Atributos de productos','Atributos de productos','list-check-line',NULL,'/inventory/products/attributes','LINK',203,NULL,1,1,0,NULL,30,2,'/inventory/products/attributes','SELF',NULL,NULL,'2026-06-08 13:24:40','2026-06-10 12:59:11',NULL,NULL),
(141,3,'product_brand_models','Marcas y modelos de productos','Catalogo de marcas y modelos reutilizables en productos.','price-tag-3-line',NULL,'/inventory/products/brands-models','LINK',216,NULL,1,1,0,NULL,40,2,'/inventory/products/brands-models','SELF',NULL,NULL,'2026-06-08 13:24:41','2026-06-10 12:59:11',NULL,NULL),
(142,3,'warehouse_zones','Zonas de bodega','Zonas operativas dentro de bodegas.','map-pin-line',NULL,'/inventory/warehouse-zones','LINK',221,NULL,0,0,0,NULL,35,2,'/inventory/warehouse-zones','SELF',NULL,NULL,'2026-06-08 13:24:42','2026-06-08 13:24:46',NULL,NULL),
(143,3,'stock_critical_config','Stock critico y reposicion','Reglas de stock minimo, seguridad y reorden.','alarm-warning-line',NULL,'/inventory/stock/critical','LINK',221,NULL,1,1,0,NULL,80,2,'/inventory/stock/critical','SELF',NULL,NULL,'2026-06-08 13:24:42','2026-06-10 12:59:11',NULL,NULL),
(144,3,'product_units','Unidades por producto','Unidades alternativas de compra, venta e inventario.','ruler-line',NULL,'/inventory/products/units','LINK',233,NULL,1,1,0,NULL,50,2,'/inventory/products/units','SELF',NULL,NULL,'2026-06-08 13:24:42','2026-06-10 12:59:11',NULL,NULL),
(145,67,'return_reasons','Motivos de devolucion','Catalogo de motivos y reglas para devoluciones.','refund-2-line',NULL,'/documents/returns/reasons','LINK',223,NULL,1,1,0,NULL,40,2,'/documents/returns/reasons','SELF',NULL,NULL,'2026-06-08 13:24:42','2026-06-10 13:04:12',NULL,NULL),
(146,66,'finance_banking','Bancos y cuentas bancarias','Bancos y cuentas internas.','bank-card-line',NULL,'/finance/banking','LINK',225,NULL,1,1,0,NULL,10,2,'/finance/banking','SELF',NULL,NULL,'2026-06-08 13:24:42','2026-06-10 13:04:12',NULL,NULL),
(147,66,'finance_currencies','Monedas y tipos de cambio','Monedas y tasas de cambio.','exchange-dollar-line',NULL,'/finance/currencies','LINK',225,NULL,1,1,0,NULL,20,2,'/finance/currencies','SELF',NULL,NULL,'2026-06-08 13:24:42','2026-06-10 13:04:12',NULL,NULL),
(148,66,'bank_reconciliation_settings','Configuracion de conciliacion bancaria','Parametros para conciliacion bancaria.','settings-4-line',NULL,'/finance/bank-reconciliation/settings','LINK',225,NULL,1,1,0,NULL,30,2,'/finance/bank-reconciliation/settings','SELF',NULL,NULL,'2026-06-08 13:24:42','2026-06-10 13:04:12',NULL,NULL),
(149,71,'notification_settings','Configuracion de notificaciones','Tipos, reglas y preferencias de notificacion.','notification-3-line',NULL,'/config/notifications','LINK',228,NULL,1,1,0,NULL,60,2,'/config/notifications','SELF',NULL,NULL,'2026-06-08 13:24:42','2026-06-10 13:04:12',NULL,NULL),
(156,64,'sales_points_admin','Puntos de venta','Mantenedor de puntos de venta para originar ventas pendientes.','store-line',NULL,'/cash/sales-points','LINK',238,NULL,1,1,0,NULL,10,2,'/cash/sales-points','SELF',NULL,NULL,'2026-06-10 12:15:28','2026-06-10 13:04:12',NULL,NULL),
(157,64,'operator_assignments_admin','Asignacion de operadores','Relaciona usuarios con cajas y puntos de venta autorizados.','team-line',NULL,'/cash/operator-assignments','LINK',240,NULL,1,1,0,NULL,20,2,'/cash/operator-assignments','SELF',NULL,NULL,'2026-06-10 12:15:28','2026-06-10 13:04:12',NULL,NULL);

/*!40000 ALTER TABLE `menu_items` ENABLE KEYS */;
UNLOCK TABLES;

LOCK TABLES `notification_types` WRITE;
/*!40000 ALTER TABLE `notification_types` DISABLE KEYS */;
INSERT IGNORE INTO `notification_types` (`id`, `type_code`, `type_name`, `type_description`, `severity`, `icon_name`, `default_action_label`, `is_user_visible`, `is_active`, `created_at`, `updated_at`, `deleted_at`) VALUES
(1,'SYSTEM_INFO','Informacion del sistema','Mensajes informativos emitidos por el sistema.','INFO','bell-line','Ver detalle',1,1,'2026-06-08 13:24:42','2026-06-08 13:24:42',NULL),
(2,'SECURITY_ALERT','Alerta de seguridad','Eventos de seguridad o permisos que requieren atencion.','WARNING','shield-line','Revisar',1,1,'2026-06-08 13:24:42','2026-06-08 13:24:42',NULL),
(3,'INVENTORY_ALERT','Alerta de inventario','Alertas asociadas a stock, bodegas o productos.','WARNING','archive-line','Ver inventario',1,1,'2026-06-08 13:24:42','2026-06-08 13:24:42',NULL),
(4,'TASK_COMPLETED','Tarea completada','Procesos o tareas finalizadas correctamente.','SUCCESS','check-line','Ver resultado',1,1,'2026-06-08 13:24:42','2026-06-08 13:24:42',NULL),
(5,'PROCESS_ERROR','Error de proceso','Procesos que finalizaron con error.','ERROR','error-warning-line','Ver error',1,1,'2026-06-08 13:24:42','2026-06-08 13:24:42',NULL);

/*!40000 ALTER TABLE `notification_types` ENABLE KEYS */;
UNLOCK TABLES;

LOCK TABLES `currencies` WRITE;
/*!40000 ALTER TABLE `currencies` DISABLE KEYS */;
INSERT IGNORE INTO `currencies` (`id`, `currency_code`, `currency_name`, `currency_symbol`, `decimal_places`, `is_base_currency`, `is_active`, `created_at`, `updated_at`, `deleted_at`) VALUES
(1,'CLP','Peso chileno','$',0,1,1,'2026-06-08 13:24:41','2026-06-08 13:24:41',NULL),
(2,'USD','Dolar estadounidense','US$',2,0,1,'2026-06-08 13:24:41','2026-06-08 13:24:41',NULL),
(3,'EUR','Euro','€',2,0,1,'2026-06-08 13:24:41','2026-06-08 13:24:42',NULL),
(4,'ARS','Peso argentino','AR$',2,0,1,'2026-06-08 13:24:41','2026-06-08 13:24:42',NULL),
(5,'BRL','Real brasileno','R$',2,0,1,'2026-06-08 13:24:41','2026-06-08 13:24:41',NULL),
(6,'PEN','Sol peruano','S/',2,0,1,'2026-06-08 13:24:41','2026-06-08 13:24:41',NULL),
(7,'COP','Peso colombiano','$',2,0,1,'2026-06-08 13:24:41','2026-06-08 13:24:41',NULL),
(8,'MXN','Peso mexicano','$',2,0,1,'2026-06-08 13:24:41','2026-06-08 13:24:41',NULL),
(9,'UYU','Peso uruguayo','$U',2,0,1,'2026-06-08 13:24:41','2026-06-08 13:24:41',NULL),
(10,'BOB','Boliviano','Bs',2,0,1,'2026-06-08 13:24:41','2026-06-08 13:24:41',NULL),
(11,'PYG','Guarani paraguayo','Gs',0,0,1,'2026-06-08 13:24:41','2026-06-08 13:24:41',NULL),
(12,'GBP','Libra esterlina','GBP',2,0,1,'2026-06-08 13:24:41','2026-06-08 13:24:41',NULL),
(13,'CAD','Dolar canadiense','C$',2,0,1,'2026-06-08 13:24:41','2026-06-08 13:24:41',NULL),
(14,'AUD','Dolar australiano','A$',2,0,1,'2026-06-08 13:24:41','2026-06-08 13:24:41',NULL),
(15,'CHF','Franco suizo','CHF',2,0,1,'2026-06-08 13:24:41','2026-06-08 13:24:41',NULL),
(16,'JPY','Yen japones','JPY',0,0,1,'2026-06-08 13:24:41','2026-06-08 13:24:41',NULL),
(17,'CNY','Yuan chino','CNY',2,0,1,'2026-06-08 13:24:41','2026-06-08 13:24:41',NULL);

/*!40000 ALTER TABLE `currencies` ENABLE KEYS */;
UNLOCK TABLES;

LOCK TABLES `tax_rates` WRITE;
/*!40000 ALTER TABLE `tax_rates` DISABLE KEYS */;
INSERT IGNORE INTO `tax_rates` (`id`, `tax_code`, `tax_name`, `tax_type`, `rate_percentage`, `is_default`, `valid_from`, `valid_to`, `is_active`, `created_at`, `updated_at`, `deleted_at`) VALUES
(1,'TAX_0001','IVA 19%','VAT',19.0000,1,'2026-01-01',NULL,1,'2026-06-08 13:24:41','2026-06-08 13:24:41',NULL),
(2,'TAX_0002','Exento','EXEMPT',0.0000,0,'2026-01-01',NULL,1,'2026-06-08 13:24:41','2026-06-08 13:24:41',NULL),
(3,'DEMO_TAX_VAT19','IVA demo 19%','VAT',19.0000,1,'2026-01-01',NULL,1,'2026-06-08 13:24:42','2026-06-08 13:24:42',NULL),
(4,'DEMO_TAX_EXEMPT','Exento demo','EXEMPT',0.0000,0,'2026-01-01',NULL,1,'2026-06-08 13:24:42','2026-06-08 13:24:42',NULL),
(5,'DEMO_TAX_ADD','Impuesto adicional demo 10%','ADDITIONAL',10.0000,0,'2026-01-01',NULL,1,'2026-06-08 13:24:42','2026-06-08 13:24:42',NULL);

/*!40000 ALTER TABLE `tax_rates` ENABLE KEYS */;
UNLOCK TABLES;

LOCK TABLES `measurement_units` WRITE;
/*!40000 ALTER TABLE `measurement_units` DISABLE KEYS */;
INSERT IGNORE INTO `measurement_units` (`id`, `unit_code`, `unit_name`, `unit_symbol`, `unit_type`, `base_unit_id`, `conversion_factor`, `allow_decimals`, `is_active`, `created_at`, `updated_at`, `deleted_at`) VALUES
(1,'UN','Unidad','UN','BASE',NULL,1.000000,0,1,'2026-06-08 13:24:45','2026-06-08 13:24:45',NULL),
(2,'MTR','Metro','M','BASE',NULL,1.000000,1,1,'2026-06-08 13:24:45','2026-06-08 13:24:45',NULL),
(3,'KG','Kilogramo','KG','BASE',NULL,1.000000,1,1,'2026-06-08 13:24:45','2026-06-08 13:24:45',NULL),
(4,'PAR','Par','PAR','DERIVED',1,2.000000,0,1,'2026-06-08 13:24:45','2026-06-08 13:24:45',NULL),
(5,'SET','Set / conjunto','SET','DERIVED',1,1.000000,0,1,'2026-06-08 13:24:45','2026-06-08 13:24:45',NULL),
(6,'PACK','Pack comercial','PACK','DERIVED',1,1.000000,0,1,'2026-06-08 13:24:45','2026-06-08 13:24:45',NULL),
(7,'CAJA','Caja','CAJA','DERIVED',1,1.000000,0,1,'2026-06-08 13:24:45','2026-06-08 13:24:45',NULL),
(8,'DOC','Docena','DOC','DERIVED',1,12.000000,0,1,'2026-06-08 13:24:45','2026-06-08 13:24:45',NULL),
(9,'CM','Centimetro','CM','DERIVED',2,0.010000,1,1,'2026-06-08 13:24:45','2026-06-08 13:24:45',NULL),
(10,'ROL','Rollo de tela','ROL','DERIVED',2,1.000000,1,1,'2026-06-08 13:24:45','2026-06-08 13:24:45',NULL),
(11,'GR','Gramo','G','DERIVED',3,0.001000,1,1,'2026-06-08 13:24:45','2026-06-08 13:24:45',NULL);

/*!40000 ALTER TABLE `measurement_units` ENABLE KEYS */;
UNLOCK TABLES;

LOCK TABLES `document_types` WRITE;
/*!40000 ALTER TABLE `document_types` DISABLE KEYS */;
INSERT IGNORE INTO `document_types` (`id`, `document_type_code`, `document_type_name`, `document_category`, `requires_approval`, `generates_movement`, `movement_type`, `is_active`, `created_at`, `updated_at`, `deleted_at`) VALUES
(1,'PURCHASE_RECEIPT','Guía de Entrada por Compra','PURCHASE',0,1,'IN',1,'2026-06-08 13:24:32','2026-06-08 13:24:32',NULL),
(2,'SALE_INVOICE','Factura de Venta','SALE',0,1,'OUT',1,'2026-06-08 13:24:32','2026-06-08 13:24:32',NULL),
(3,'WAREHOUSE_TRANSFER','Transferencia entre Bodegas','TRANSFER',0,1,'TRANSFER',1,'2026-06-08 13:24:32','2026-06-08 13:24:32',NULL),
(4,'STOCK_ADJUSTMENT','Ajuste de Inventario','INVENTORY',0,1,'ADJUSTMENT',1,'2026-06-08 13:24:32','2026-06-08 13:24:32',NULL),
(5,'INVENTORY_COUNT','Conteo de Inventario','INVENTORY',0,0,NULL,1,'2026-06-08 13:24:32','2026-06-08 13:24:32',NULL),
(6,'CREDIT_NOTE','Nota de Crédito','SALE',0,1,'IN',1,'2026-06-08 13:24:32','2026-06-08 13:24:32',NULL),
(7,'RETURN_NOTE','Nota de Devolución','PURCHASE',0,1,'OUT',1,'2026-06-08 13:24:32','2026-06-08 13:24:32',NULL),
(8,'PRE_SALE','Pre-Venta / Voucher','SALE',0,0,NULL,1,'2026-06-08 13:24:32','2026-06-08 13:24:32',NULL),
(9,'DTE_33','Factura Electrónica','SALE',0,1,'OUT',1,'2026-06-08 13:24:33','2026-06-08 13:24:33',NULL),
(10,'DTE_34','Factura No Afecta o Exenta Electrónica','SALE',0,1,'OUT',1,'2026-06-08 13:24:33','2026-06-08 13:24:33',NULL),
(11,'DTE_39','Boleta Electrónica','SALE',0,1,'OUT',1,'2026-06-08 13:24:33','2026-06-08 13:24:33',NULL),
(12,'DTE_41','Boleta Exenta Electrónica','SALE',0,1,'OUT',1,'2026-06-08 13:24:33','2026-06-08 13:24:33',NULL),
(13,'DTE_61','Nota de Crédito Electrónica','SALE',0,1,'IN',1,'2026-06-08 13:24:33','2026-06-08 13:24:33',NULL),
(14,'DTE_56','Nota de Débito Electrónica','SALE',0,1,'OUT',1,'2026-06-08 13:24:33','2026-06-08 13:24:33',NULL),
(15,'DTE_52','Guía de Despacho Electrónica','TRANSFER',0,1,'TRANSFER',1,'2026-06-08 13:24:33','2026-06-08 13:24:33',NULL),
(16,'DTE_46','Factura de Compra Electrónica','PURCHASE',0,1,'IN',1,'2026-06-08 13:24:33','2026-06-08 13:24:33',NULL),
(17,'DTE_43','Liquidación Factura Electrónica','PURCHASE',1,1,'IN',1,'2026-06-08 13:24:33','2026-06-08 13:24:33',NULL),
(18,'DTE_110','Factura de Exportación Electrónica','SALE',1,1,'OUT',1,'2026-06-08 13:24:33','2026-06-08 13:24:33',NULL),
(19,'DTE_111','Nota de Débito de Exportación Electrónica','SALE',1,1,'OUT',1,'2026-06-08 13:24:33','2026-06-08 13:24:33',NULL),
(20,'DTE_112','Nota de Crédito de Exportación Electrónica','SALE',1,1,'IN',1,'2026-06-08 13:24:33','2026-06-08 13:24:33',NULL);

/*!40000 ALTER TABLE `document_types` ENABLE KEYS */;
UNLOCK TABLES;

LOCK TABLES `payment_methods` WRITE;
/*!40000 ALTER TABLE `payment_methods` DISABLE KEYS */;
INSERT IGNORE INTO `payment_methods` (`id`, `method_code`, `method_name`, `method_type`, `affects_cash_flow`, `requires_authorization`, `currency_code`, `is_active`, `created_at`, `updated_at`, `deleted_at`, `allows_postdated`, `requires_bank_info`, `default_terms_days`) VALUES
(1,'CASH','Efectivo','CASH',1,0,'CLP',1,'2026-06-08 13:24:33','2026-06-08 13:24:33',NULL,0,0,NULL),
(2,'DEBIT','Tarjeta de Débito','CARD',0,0,'CLP',1,'2026-06-08 13:24:33','2026-06-08 13:24:33',NULL,0,0,NULL),
(3,'CREDIT','Tarjeta de Crédito','CARD',0,0,'CLP',1,'2026-06-08 13:24:33','2026-06-08 13:24:33',NULL,0,0,NULL),
(4,'TRANSFER','Transferencia Bancaria','TRANSFER',0,0,'CLP',1,'2026-06-08 13:24:33','2026-06-08 13:24:34',NULL,0,1,0),
(5,'CHECK','Cheque','OTHER',0,0,'CLP',1,'2026-06-08 13:24:33','2026-06-08 13:24:34',NULL,1,1,30),
(6,'VOUCHER','Vale Vista','OTHER',0,0,'CLP',1,'2026-06-08 13:24:33','2026-06-08 13:24:33',NULL,0,0,NULL),
(7,'GIFT_CARD','Tarjeta Regalo','OTHER',0,0,'CLP',1,'2026-06-08 13:24:33','2026-06-08 13:24:33',NULL,0,0,NULL),
(8,'STORE_CREDIT','Crédito de Tienda','OTHER',0,0,'CLP',1,'2026-06-08 13:24:33','2026-06-08 13:24:33',NULL,0,0,NULL),
(9,'CREDIT_TERMS','Crédito Empresa','OTHER',0,0,'CLP',1,'2026-06-08 13:24:34','2026-06-08 13:24:34',NULL,0,0,NULL),
(10,'POSTDATED_CHECK','Cheque a Fecha','OTHER',0,0,'CLP',1,'2026-06-08 13:24:34','2026-06-08 13:24:34',NULL,1,1,NULL),
(11,'WIRE_TRANSFER','Transferencia Bancaria','TRANSFER',0,0,'CLP',1,'2026-06-08 13:24:34','2026-06-08 13:24:34',NULL,0,1,NULL),
(12,'PROMISSORY_NOTE','Pagaré','OTHER',0,0,'CLP',1,'2026-06-08 13:24:34','2026-06-08 13:24:34',NULL,1,0,NULL),
(13,'DEMO_CASH','Efectivo demo','CASH',1,0,'CLP',1,'2026-06-08 13:24:42','2026-06-08 13:24:42',NULL,0,0,NULL),
(14,'DEMO_CARD','Tarjeta demo','CARD',1,1,'CLP',1,'2026-06-08 13:24:42','2026-06-08 13:24:42',NULL,0,0,0),
(15,'DEMO_TRANS','Transferencia demo','TRANSFER',1,0,'CLP',1,'2026-06-08 13:24:42','2026-06-08 13:24:42',NULL,0,1,1);

/*!40000 ALTER TABLE `payment_methods` ENABLE KEYS */;
UNLOCK TABLES;

LOCK TABLES `return_reasons` WRITE;
/*!40000 ALTER TABLE `return_reasons` DISABLE KEYS */;
INSERT IGNORE INTO `return_reasons` (`id`, `reason_code`, `reason_name`, `reason_description`, `requires_approval`, `affects_stock`, `allows_exchange`, `allows_refund`, `max_days_after_sale`, `default_account_code`, `is_active`, `created_at`, `updated_at`, `deleted_at`) VALUES
(1,'DEFECTIVE','Producto Defectuoso','El producto presenta fallas de fabricación',0,1,1,1,30,NULL,1,'2026-06-08 13:24:35','2026-06-08 13:24:35',NULL),
(2,'WRONG_SIZE','Talla Incorrecta','Cliente eligió talla equivocada',0,1,1,1,15,NULL,1,'2026-06-08 13:24:35','2026-06-08 13:24:35',NULL),
(3,'WRONG_COLOR','Color Incorrecto','Cliente eligió color equivocado',0,1,1,1,15,NULL,1,'2026-06-08 13:24:35','2026-06-08 13:24:35',NULL),
(4,'NOT_AS_DESCRIBED','No Coincide con Descripción','El producto no coincide con la descripción',0,1,1,1,7,NULL,1,'2026-06-08 13:24:35','2026-06-08 13:24:35',NULL),
(5,'CHANGED_MIND','Cambió de Opinión','Cliente ya no desea el producto',0,1,1,1,7,NULL,1,'2026-06-08 13:24:35','2026-06-08 13:24:35',NULL),
(6,'WRONG_ITEM','Producto Incorrecto','Se entregó producto equivocado',0,1,1,1,30,NULL,1,'2026-06-08 13:24:35','2026-06-08 13:24:35',NULL),
(7,'DAMAGED_SHIPPING','Dañado en Envío','Producto dañado durante el transporte',0,1,1,1,5,NULL,1,'2026-06-08 13:24:35','2026-06-08 13:24:35',NULL),
(8,'EXPIRED','Producto Vencido','Producto con fecha de vencimiento pasada',1,0,0,1,NULL,NULL,1,'2026-06-08 13:24:35','2026-06-08 13:24:35',NULL),
(9,'WARRANTY','Garantía','Reclamo de garantía del fabricante',1,0,1,0,365,NULL,1,'2026-06-08 13:24:35','2026-06-08 13:24:35',NULL),
(10,'DUPLICATE_ORDER','Pedido Duplicado','Cliente realizó pedido por error',0,1,0,1,1,NULL,1,'2026-06-08 13:24:35','2026-06-08 13:24:35',NULL),
(11,'DEMO_RET_SIZE','Cambio de talla demo','Motivo demo para cambio de talla.',0,1,1,0,30,'RET-DEMO',1,'2026-06-08 13:24:42','2026-06-08 13:24:42',NULL),
(12,'DEMO_RET_DEFECT','Producto defectuoso demo','Motivo demo para defecto de fabrica.',1,1,1,1,60,'RET-DEF',1,'2026-06-08 13:24:42','2026-06-08 13:24:42',NULL);

/*!40000 ALTER TABLE `return_reasons` ENABLE KEYS */;
UNLOCK TABLES;

LOCK TABLES `petty_cash_categories` WRITE;
/*!40000 ALTER TABLE `petty_cash_categories` DISABLE KEYS */;
INSERT IGNORE INTO `petty_cash_categories` (`id`, `category_code`, `category_name`, `category_description`, `max_amount_per_expense`, `requires_evidence`, `is_active`, `created_at`, `updated_at`, `deleted_at`) VALUES
(1,'PCC_0001','Alimentación','Gastos en comida y bebidas para personal',15000.00,0,1,'2026-06-08 13:24:33','2026-06-08 13:24:40',NULL),
(2,'PCC_0002','Suministros','Materiales de oficina, limpieza, etc.',25000.00,1,1,'2026-06-08 13:24:33','2026-06-08 13:24:40',NULL),
(3,'PCC_0003','Transporte','Pasajes, combustible, estacionamiento',10000.00,1,1,'2026-06-08 13:24:33','2026-06-08 13:24:40',NULL),
(4,'PCC_0004','Servicios','Servicios menores, reparaciones pequeñas',30000.00,1,1,'2026-06-08 13:24:33','2026-06-08 13:24:40',NULL),
(5,'PCC_0005','Empaque','Bolsas, cajas, material de empaque',20000.00,1,1,'2026-06-08 13:24:33','2026-06-08 13:24:40',NULL),
(6,'PCC_0006','Servicios Básicos','Pagos menores de luz, agua, teléfono',50000.00,1,1,'2026-06-08 13:24:33','2026-06-08 13:24:40',NULL),
(7,'PCC_0007','Mantención','Reparaciones menores, mantención equipos',40000.00,1,1,'2026-06-08 13:24:33','2026-06-08 13:24:40',NULL),
(8,'PCC_0008','Otros','Gastos varios no categorizados',5000.00,0,1,'2026-06-08 13:24:33','2026-06-08 13:24:40',NULL),
(9,'DPCC_0001','Movilizacion demo','Gastos demo de movilizacion.',30000.00,1,1,'2026-06-08 13:24:42','2026-06-08 13:24:42',NULL),
(10,'DPCC_0002','Insumos tienda demo','Gastos demo de insumos menores.',25000.00,1,1,'2026-06-08 13:24:42','2026-06-08 13:24:42',NULL);

/*!40000 ALTER TABLE `petty_cash_categories` ENABLE KEYS */;
UNLOCK TABLES;

LOCK TABLES `warehouses` WRITE;
/*!40000 ALTER TABLE `warehouses` DISABLE KEYS */;
INSERT IGNORE INTO `warehouses` (`id`, `warehouse_code`, `warehouse_name`, `warehouse_type`, `responsible_user_id`, `address`, `city`, `country`, `phone`, `email`, `is_active`, `created_at`, `updated_at`, `deleted_at`) VALUES
(1,'BOD_25','Taller','WAREHOUSE',9,'Patronato','Santiago','Chile','2732 5728',NULL,1,'2026-06-08 13:24:46','2026-06-08 13:24:46',NULL),
(2,'BOD_26','PYME','STORE',9,'Patronato','Santiago','Chile','2732 9497',NULL,1,'2026-06-08 13:24:46','2026-06-08 13:24:46',NULL),
(3,'BOD_27','Santa Filomena','STORE',9,'Santa Filomena, Patronato','Santiago','Chile','2735 1922',NULL,1,'2026-06-08 13:24:46','2026-06-08 13:24:46',NULL),
(4,'BOD_28','Patronato','STORE',9,'Patronato','Santiago','Chile','2737 1769',NULL,1,'2026-06-08 13:24:46','2026-06-08 13:24:46',NULL),
(5,'BOD_29','Cecilia','STORE',9,'Cecilia','Santiago','Chile','2732 5728',NULL,1,'2026-06-08 13:24:46','2026-06-08 13:24:46',NULL);

/*!40000 ALTER TABLE `warehouses` ENABLE KEYS */;
UNLOCK TABLES;

LOCK TABLES `warehouse_zones` WRITE;
/*!40000 ALTER TABLE `warehouse_zones` DISABLE KEYS */;
INSERT IGNORE INTO `warehouse_zones` (`id`, `warehouse_id`, `zone_code`, `zone_name`, `zone_description`, `is_location_tracking_enabled`, `is_active`, `created_at`, `updated_at`, `deleted_at`) VALUES
(1,2,'EST_26','Estanterias','Zona de almacenamiento en estanterias del local.',0,1,'2026-06-08 13:24:46','2026-06-08 13:24:46',NULL),
(2,3,'EST_27','Estanterias','Zona de almacenamiento en estanterias del local.',1,1,'2026-06-08 13:24:46','2026-06-08 13:24:46',NULL),
(3,4,'EST_28','Estanterias','Zona de almacenamiento en estanterias del local.',1,1,'2026-06-08 13:24:46','2026-06-08 13:24:46',NULL),
(4,5,'EST_29','Estanterias','Zona de almacenamiento en estanterias del local.',0,1,'2026-06-08 13:24:46','2026-06-08 13:24:46',NULL),
(8,2,'EXH_26','Exhibicion','Zona de exhibicion y sala de venta del local.',0,1,'2026-06-08 13:24:46','2026-06-08 13:24:46',NULL),
(9,3,'EXH_27','Exhibicion','Zona de exhibicion y sala de venta del local.',1,1,'2026-06-08 13:24:46','2026-06-08 13:24:46',NULL),
(10,4,'EXH_28','Exhibicion','Zona de exhibicion y sala de venta del local.',1,1,'2026-06-08 13:24:46','2026-06-08 13:24:46',NULL),
(11,5,'EXH_29','Exhibicion','Zona de exhibicion y sala de venta del local.',0,1,'2026-06-08 13:24:46','2026-06-08 13:24:46',NULL),
(15,1,'REC_25','Recepcion','Zona operacional para stock recibido pendiente de ubicacion final.',1,1,'2026-06-08 13:24:47','2026-06-08 13:24:47',NULL),
(16,2,'REC_26','Recepcion','Zona operacional para stock recibido pendiente de ubicacion final.',1,1,'2026-06-08 13:24:47','2026-06-08 13:24:47',NULL),
(17,3,'REC_27','Recepcion','Zona operacional para stock recibido pendiente de ubicacion final.',1,1,'2026-06-08 13:24:47','2026-06-08 13:24:47',NULL),
(18,4,'REC_28','Recepcion','Zona operacional para stock recibido pendiente de ubicacion final.',1,1,'2026-06-08 13:24:47','2026-06-08 13:24:47',NULL),
(19,5,'REC_29','Recepcion','Zona operacional para stock recibido pendiente de ubicacion final.',1,1,'2026-06-08 13:24:47','2026-06-08 13:24:47',NULL);

/*!40000 ALTER TABLE `warehouse_zones` ENABLE KEYS */;
UNLOCK TABLES;

LOCK TABLES `warehouse_zone_locations` WRITE;
/*!40000 ALTER TABLE `warehouse_zone_locations` DISABLE KEYS */;
INSERT IGNORE INTO `warehouse_zone_locations` (`id`, `warehouse_zone_id`, `location_code`, `location_name`, `location_description`, `location_type`, `sort_order`, `is_active`, `created_at`, `updated_at`, `deleted_at`) VALUES
(1,2,'LOC_EST_27','Estanterias','Estanterias internas para reposicion y almacenamiento.','SHELF',10,1,'2026-06-08 13:24:46','2026-06-08 13:24:46',NULL),
(2,3,'LOC_EST_28','Estanterias','Estanterias internas para reposicion y almacenamiento.','SHELF',10,1,'2026-06-08 13:24:46','2026-06-08 13:24:46',NULL),
(4,2,'LOC_RCK_27','Rack','Rack interno para mercaderia ordenada por familia o talla.','RACK',20,1,'2026-06-08 13:24:46','2026-06-08 13:24:46',NULL),
(5,3,'LOC_RCK_28','Rack','Rack interno para mercaderia ordenada por familia o talla.','RACK',20,1,'2026-06-08 13:24:46','2026-06-08 13:24:46',NULL),
(7,9,'LOC_VIT_27','Vitrina','Vitrina de exhibicion visible para sala de venta.','DISPLAY',10,1,'2026-06-08 13:24:46','2026-06-08 13:24:46',NULL),
(8,10,'LOC_VIT_28','Vitrina','Vitrina de exhibicion visible para sala de venta.','DISPLAY',10,1,'2026-06-08 13:24:46','2026-06-08 13:24:46',NULL),
(10,9,'LOC_EXB_27','Exhibidor','Exhibidor de prendas y accesorios en sala de venta.','DISPLAY',20,1,'2026-06-08 13:24:46','2026-06-08 13:24:46',NULL),
(11,10,'LOC_EXB_28','Exhibidor','Exhibidor de prendas y accesorios en sala de venta.','DISPLAY',20,1,'2026-06-08 13:24:46','2026-06-08 13:24:46',NULL),
(13,15,'PEND_25','Pendiente de ubicacion','Ubicacion temporal para mercaderia recibida y aun no distribuida.','GENERAL',0,1,'2026-06-08 13:24:47','2026-06-08 13:24:47',NULL),
(14,16,'PEND_26','Pendiente de ubicacion','Ubicacion temporal para mercaderia recibida y aun no distribuida.','GENERAL',0,1,'2026-06-08 13:24:47','2026-06-08 13:24:47',NULL),
(15,17,'PEND_27','Pendiente de ubicacion','Ubicacion temporal para mercaderia recibida y aun no distribuida.','GENERAL',0,1,'2026-06-08 13:24:47','2026-06-08 13:24:47',NULL),
(16,18,'PEND_28','Pendiente de ubicacion','Ubicacion temporal para mercaderia recibida y aun no distribuida.','GENERAL',0,1,'2026-06-08 13:24:47','2026-06-08 13:24:47',NULL),
(17,19,'PEND_29','Pendiente de ubicacion','Ubicacion temporal para mercaderia recibida y aun no distribuida.','GENERAL',0,1,'2026-06-08 13:24:47','2026-06-08 13:24:47',NULL);

/*!40000 ALTER TABLE `warehouse_zone_locations` ENABLE KEYS */;
UNLOCK TABLES;

LOCK TABLES `cash_registers` WRITE;
/*!40000 ALTER TABLE `cash_registers` DISABLE KEYS */;
INSERT IGNORE INTO `cash_registers` (`id`, `register_code`, `register_name`, `warehouse_id`, `terminal_identifier`, `ip_address`, `location_description`, `is_active`, `requires_supervisor_approval`, `max_difference_amount`, `created_at`, `updated_at`, `deleted_at`) VALUES (1,'POS_0001','Caja 1 - Cecilia',5,NULL,NULL,'Mostrador principal - Local Cecilia, Patronato',1,1,1000.00,'2026-06-10 12:10:14','2026-06-10 12:10:14',NULL);
/*!40000 ALTER TABLE `cash_registers` ENABLE KEYS */;
UNLOCK TABLES;

LOCK TABLES `sales_points` WRITE;
/*!40000 ALTER TABLE `sales_points` DISABLE KEYS */;
INSERT IGNORE INTO `sales_points` (`id`, `sales_point_code`, `sales_point_name`, `warehouse_id`, `default_cash_register_id`, `channel_type`, `location_description`, `is_active`, `created_at`, `updated_at`, `deleted_at`) VALUES (1,'PV_0001','Punto de Venta - Cecilia',5,1,'STORE','Sala de venta - Local Cecilia, Patronato',1,'2026-06-10 12:16:00','2026-06-10 12:16:00',NULL);
/*!40000 ALTER TABLE `sales_points` ENABLE KEYS */;
UNLOCK TABLES;

LOCK TABLES `cash_register_user_assignments` WRITE;
/*!40000 ALTER TABLE `cash_register_user_assignments` DISABLE KEYS */;
INSERT IGNORE INTO `cash_register_user_assignments` (`id`, `cash_register_id`, `user_id`, `operator_role`, `is_default`, `valid_from`, `valid_until`, `notes`, `is_active`, `created_at`, `updated_at`, `deleted_at`) VALUES (1,1,9,'CASHIER',0,'2026-06-10','2026-06-30',NULL,0,'2026-06-10 17:16:30','2026-06-10 17:41:16','2026-06-10 17:41:16');
/*!40000 ALTER TABLE `cash_register_user_assignments` ENABLE KEYS */;
UNLOCK TABLES;

LOCK TABLES `user_warehouse_access` WRITE;
/*!40000 ALTER TABLE `user_warehouse_access` DISABLE KEYS */;
INSERT IGNORE INTO `user_warehouse_access` (`id`, `user_id`, `warehouse_id`, `access_type`, `granted_at`, `granted_by_user_id`) VALUES
(1,9,1,'FULL','2026-06-08 13:24:46',9),
(2,9,2,'FULL','2026-06-08 13:24:46',9),
(3,9,3,'FULL','2026-06-08 13:24:46',9),
(4,9,4,'FULL','2026-06-08 13:24:46',9),
(5,9,5,'FULL','2026-06-08 13:24:46',9);

/*!40000 ALTER TABLE `user_warehouse_access` ENABLE KEYS */;
UNLOCK TABLES;
/*!40103 SET TIME_ZONE=@OLD_TIME_ZONE */;

/*!40101 SET SQL_MODE=@OLD_SQL_MODE */;
/*!40014 SET FOREIGN_KEY_CHECKS=@OLD_FOREIGN_KEY_CHECKS */;
/*!40101 SET CHARACTER_SET_CLIENT=@OLD_CHARACTER_SET_CLIENT */;
/*!40101 SET CHARACTER_SET_RESULTS=@OLD_CHARACTER_SET_RESULTS */;
/*!40101 SET COLLATION_CONNECTION=@OLD_COLLATION_CONNECTION */;
/*!40111 SET SQL_NOTES=@OLD_SQL_NOTES */;

